validation_scheme,fold,train_rows,validation_rows,primary_dimension,train_primary_groups,validation_primary_groups,primary_overlap,secondary_dimension,secondary_overlap,validation_prevalence,model,outcome,MAE,RMSE,R2,ROC_AUC,PR_AUC,F1_0_5,Balanced_Accuracy_0_5,Brier,Log_Loss
molecule,1,1789,448,molecule_inn_name,86,21,0,model_split_group,8,0.41517857142857145,Random forest,continuous,16.376876822768814,24.766705224093485,0.28291442408969714,,,,,,
molecule,1,1789,448,molecule_inn_name,86,21,0,model_split_group,8,0.41517857142857145,TabPFN-3,continuous,13.491495301414705,22.280128888328978,0.4196768251383375,,,,,,
molecule,1,1789,448,molecule_inn_name,86,21,0,model_split_group,8,0.41517857142857145,Random forest,binary,,,,0.6383279980300419,0.6330465323180636,0.45038167938931295,0.6261594024460313,0.2217146194768395,0.6357889058099503
molecule,1,1789,448,molecule_inn_name,86,21,0,model_split_group,8,0.41517857142857145,TabPFN-3,binary,,,,0.697344660592629,0.6415461183026995,0.416,0.6168841828777805,0.22728114904167437,0.660322985768763
molecule,2,1789,448,molecule_inn_name,85,22,0,model_split_group,22,0.19642857142857142,Random forest,continuous,11.785349271498413,15.895609851119781,-0.638157743066754,,,,,,
molecule,2,1789,448,molecule_inn_name,85,22,0,model_split_group,22,0.19642857142857142,TabPFN-3,continuous,10.434965271030368,15.367711309025376,-0.5311569727764671,,,,,,
molecule,2,1789,448,molecule_inn_name,85,22,0,model_split_group,22,0.19642857142857142,Random forest,binary,,,,0.6259311868686869,0.3443310789540177,0.23834196891191708,0.5167929292929293,0.20081866878853458,0.5879107490907953
molecule,2,1789,448,molecule_inn_name,85,22,0,model_split_group,22,0.19642857142857142,TabPFN-3,binary,,,,0.6202020202020202,0.2823507663657133,0.19047619047619047,0.5320707070707071,0.17093696091982716,0.5173962278138188
molecule,3,1790,447,molecule_inn_name,86,21,0,model_split_group,17,0.44966442953020136,Random forest,continuous,17.619525503500725,26.396396074038982,-0.08560033581851556,,,,,,
molecule,3,1790,447,molecule_inn_name,86,21,0,model_split_group,17,0.44966442953020136,TabPFN-3,continuous,17.258004456233493,26.14515198072167,-0.0650329345445988,,,,,,
molecule,3,1790,447,molecule_inn_name,86,21,0,model_split_group,17,0.44966442953020136,Random forest,binary,,,,0.6815718157181572,0.669681335047407,0.3132530120481928,0.578722242446305,0.2310420838250145,0.654531000387883
molecule,3,1790,447,molecule_inn_name,86,21,0,model_split_group,17,0.44966442953020136,TabPFN-3,binary,,,,0.6507300893904461,0.6440108565506124,0.2564102564102564,0.568529304696032,0.26453442605781896,0.7449822643587347
molecule,4,1790,447,molecule_inn_name,86,21,0,model_split_group,13,0.30201342281879195,Random forest,continuous,13.386984667770305,23.254361709824927,0.058957317886744076,,,,,,
molecule,4,1790,447,molecule_inn_name,86,21,0,model_split_group,13,0.30201342281879195,TabPFN-3,continuous,13.452504275857422,23.29809248605536,0.055414651614327126,,,,,,
molecule,4,1790,447,molecule_inn_name,86,21,0,model_split_group,13,0.30201342281879195,Random forest,binary,,,,0.6384259259259258,0.45006323271809556,0.39111111111111113,0.5892450142450143,0.2055671986031232,0.5990142599891418
molecule,4,1790,447,molecule_inn_name,86,21,0,model_split_group,13,0.30201342281879195,TabPFN-3,binary,,,,0.6097222222222222,0.43478348227131547,0.2553191489361702,0.5424145299145299,0.2084281620281654,0.624740168808876
molecule,5,1790,447,molecule_inn_name,85,22,0,model_split_group,19,0.28635346756152125,Random forest,continuous,11.778396629641952,17.628393151227222,0.24363707033968596,,,,,,
molecule,5,1790,447,molecule_inn_name,85,22,0,model_split_group,19,0.28635346756152125,TabPFN-3,continuous,12.410707495557723,19.109494091757345,0.1112018145614524,,,,,,
molecule,5,1790,447,molecule_inn_name,85,22,0,model_split_group,19,0.28635346756152125,Random forest,binary,,,,0.6926552703761755,0.40442603009577544,0.26851851851851855,0.5208047609717869,0.19955914023643448,0.5830850611558872
molecule,5,1790,447,molecule_inn_name,85,22,0,model_split_group,19,0.28635346756152125,TabPFN-3,binary,,,,0.6567398119122257,0.38284813470653245,0.2828282828282828,0.5435442789968652,0.1955877406429128,0.5694227462520353
