validation_scheme,model,bin,rows,mean_predicted,observed_rate,minimum_predicted,maximum_predicted
molecule,Random forest,0,224,0.19139409329793483,0.11607142857142858,0.0660780127490088,0.2322089896772049
molecule,Random forest,1,224,0.25839640607310754,0.2544642857142857,0.2328336991800989,0.2825390116659494
molecule,Random forest,2,223,0.30678768290076336,0.3004484304932735,0.2826969314681547,0.3256759148370161
molecule,Random forest,3,224,0.34122128483334274,0.25892857142857145,0.3257885170891063,0.3548863667742021
molecule,Random forest,4,224,0.36892562032262416,0.30357142857142855,0.3549014099695336,0.3829143114765405
molecule,Random forest,5,223,0.39793429845093725,0.3004484304932735,0.3830015585066639,0.4143666059940237
molecule,Random forest,6,224,0.43067239650225747,0.35267857142857145,0.414486839274637,0.4483024632834931
molecule,Random forest,7,223,0.46842230679087854,0.4484304932735426,0.448668387920418,0.4898949877612256
molecule,Random forest,8,224,0.5202874792845373,0.39285714285714285,0.4901637366467245,0.5554309041505228
molecule,Random forest,9,224,0.6247645391269171,0.5714285714285714,0.5554741730569662,0.7950267957249021
molecule,TabPFN-3,0,224,0.0755490627156437,0.19196428571428573,0.0259802732616662,0.1040777191519737
molecule,TabPFN-3,1,224,0.12179356271267996,0.20089285714285715,0.1041124910116195,0.1380222141742706
molecule,TabPFN-3,2,223,0.1519248453490937,0.2645739910313901,0.138225108385086,0.1667941808700561
molecule,TabPFN-3,3,224,0.18278973795739664,0.23660714285714285,0.1669610887765884,0.2001064121723175
molecule,TabPFN-3,4,224,0.2206657285402928,0.29910714285714285,0.2003645747900009,0.241187185049057
molecule,TabPFN-3,5,223,0.2607466927959245,0.336322869955157,0.2414042204618454,0.281598150730133
molecule,TabPFN-3,6,224,0.30885289183684755,0.39285714285714285,0.2817607223987579,0.3302370309829712
molecule,TabPFN-3,7,223,0.35744391401786973,0.36771300448430494,0.330281913280487,0.3918992877006531
molecule,TabPFN-3,8,224,0.45162888217185226,0.41964285714285715,0.3929229080677032,0.5325679779052734
molecule,TabPFN-3,9,224,0.6236397105136088,0.5892857142857143,0.5331643223762512,0.8481442928314209
study,Random forest,0,224,0.13350375613039583,0.07589285714285714,0.032908966586354,0.1809790502587316
study,Random forest,1,224,0.21878147518032343,0.044642857142857144,0.1813278789409483,0.2471320749715986
study,Random forest,2,223,0.27325529747779853,0.13452914798206278,0.2472020444327735,0.2976279940694912
study,Random forest,3,224,0.3196136696138368,0.1875,0.2977562340040654,0.3412299965574492
study,Random forest,4,224,0.3622275150533701,0.16517857142857142,0.3414980534574721,0.3848641331729195
study,Random forest,5,223,0.4171900598049577,0.33183856502242154,0.3852858457096704,0.4491085542082217
study,Random forest,6,225,0.4777523464001912,0.4711111111111111,0.4492908578027455,0.5053096043499999
study,Random forest,7,222,0.5415442852251764,0.4009009009009009,0.5055517956947074,0.5809768628858144
study,Random forest,8,224,0.6498453583814383,0.5892857142857143,0.5812362850679279,0.7167543575419794
study,Random forest,9,224,0.8309859194211572,0.8973214285714286,0.7178371230785358,0.953190793010688
study,TabPFN-3,0,224,0.016363281548235218,0.08482142857142858,0.0007936899201013,0.0335935354232788
study,TabPFN-3,1,224,0.05414227063634562,0.13839285714285715,0.0336778722703456,0.0821147114038467
study,TabPFN-3,2,223,0.10406856479398868,0.11659192825112108,0.0823048204183578,0.1290142834186554
study,TabPFN-3,3,224,0.1556924220972827,0.11607142857142858,0.1293665766716003,0.1837714165449142
study,TabPFN-3,4,224,0.21591814155025138,0.1875,0.18458192050457,0.2485291957855224
study,TabPFN-3,5,223,0.29263977338914915,0.2914798206278027,0.2486137896776199,0.3308760821819305
study,TabPFN-3,6,224,0.38239410014024805,0.4732142857142857,0.330989122390747,0.4412268102169037
study,TabPFN-3,7,223,0.516000641702002,0.4484304932735426,0.4429820477962494,0.5987362265586853
study,TabPFN-3,8,224,0.6979447667087827,0.6383928571428571,0.5998390913009644,0.7808369398117065
study,TabPFN-3,9,224,0.9032752936972039,0.8035714285714286,0.7808573842048645,0.9977604150772096
