validation_scheme,metric,tabpfn_improvement,ci_2_5,ci_97_5,probability_tabpfn_better,valid_repeats,resampling_unit,conclusion
molecule,MAE,0.7810874564262384,-0.3777559924683091,2.013156919676422,0.889,2000,molecule_inn_name,Difference uncertain
molecule,RMSE,0.41560962843959004,-0.8036463655691582,1.623187048841828,0.742,2000,molecule_inn_name,Difference uncertain
molecule,R2,0.03277888444910482,-0.06896517792394743,0.15271068812398664,0.742,2000,molecule_inn_name,Difference uncertain
molecule,ROC_AUC,0.0010946773910700536,-0.05856370850908987,0.046626215847151896,0.477,2000,molecule_inn_name,Difference uncertain
molecule,PR_AUC,-0.011220007862276893,-0.07875126600458017,0.051951011817320536,0.3795,2000,molecule_inn_name,Difference uncertain
molecule,F1_at_0.5,-0.0456919380579085,-0.13347629758946358,0.02126902024335983,0.109,2000,molecule_inn_name,Difference uncertain
molecule,Balanced_Accuracy_at_0.5,0.0011688008808039552,-0.0385038204499254,0.036895005021609355,0.51,2000,molecule_inn_name,Difference uncertain
molecule,Brier,-0.0016010335854351465,-0.02136225655330528,0.018051194973191822,0.4445,2000,molecule_inn_name,Difference uncertain
molecule,Log_Loss,-0.01127621983228988,-0.06507709953362639,0.039903895220462005,0.3435,2000,molecule_inn_name,Difference uncertain
study,MAE,0.6293341903153582,-0.16330501522822755,1.4224828226078639,0.941,2000,model_split_group,Difference uncertain
study,RMSE,0.010130366346434272,-1.192215018605657,1.2176977687210386,0.509,2000,model_split_group,Difference uncertain
study,R2,0.000715071071999307,-0.09171626529342362,0.08704122341338369,0.509,2000,model_split_group,Difference uncertain
study,ROC_AUC,-0.01853042046097597,-0.0516872890374946,0.010985640612796653,0.1255,2000,model_split_group,Difference uncertain
study,PR_AUC,-0.03721110540974304,-0.07752884504481443,0.005913008942943941,0.0505,2000,model_split_group,Difference uncertain
study,F1_at_0.5,-0.01616460898377392,-0.05937920411360998,0.028676680284247243,0.242,2000,model_split_group,Difference uncertain
study,Balanced_Accuracy_at_0.5,-0.00713890561187136,-0.035362530343064816,0.02324295368914697,0.3165,2000,model_split_group,Difference uncertain
study,Brier,0.0023303614185629096,-0.01274939806501228,0.015816956320150843,0.647,2000,model_split_group,Difference uncertain
study,Log_Loss,-0.0042958520000303535,-0.0547392126357784,0.03904743630436043,0.4735,2000,model_split_group,Difference uncertain
