actual_ada_band,model,rows,study_groups,MAE,mean_bias_predicted_minus_observed
0,Random forest,839,250,8.069399913343798,8.069399913343798
0,TabPFN-3,839,250,7.0655046641655685,7.0655046641655685
>0–1,Random forest,100,54,7.687011409765847,7.687011409765847
>0–1,TabPFN-3,100,54,4.739815121059508,4.700795203154177
>1–5,Random forest,325,173,8.066332979142876,7.927407263868146
>1–5,TabPFN-3,325,173,6.789334456618921,6.392435653613227
>5–10,Random forest,245,157,6.65205584105863,4.9942221405671265
>5–10,TabPFN-3,245,157,7.645411255528622,4.80644084150395
>10–25,Random forest,354,179,9.850493309523914,-0.04175295768377772
>10–25,TabPFN-3,354,179,11.000870000015087,1.008159555453689
>25–50,Random forest,169,91,21.88739892020085,-15.8029967887533
>25–50,TabPFN-3,169,91,22.230510823922458,-14.336492515815374
>50–100,Random forest,205,50,41.50585323836354,-40.256767814847386
>50–100,TabPFN-3,205,50,38.75268417645146,-36.41916004215773
