validation_scheme,fold,model,outcome,fit_seconds,predict_seconds
molecule,1,Random forest,continuous,0.3397114999970654,0.04107269999803975
molecule,1,TabPFN-3,continuous,0.5286661999998614,24.53352329999325
molecule,1,Random forest,binary,0.4715736000071047,0.04322999999567401
molecule,1,TabPFN-3,binary,0.45567680000385735,20.17567609999969
molecule,2,Random forest,continuous,0.384962700001779,0.04108549999364186
molecule,2,TabPFN-3,continuous,0.4639848999941023,24.50990119999915
molecule,2,Random forest,binary,0.46176950000517536,0.041954400003305636
molecule,2,TabPFN-3,binary,0.46949259999382775,20.133268699995824
molecule,3,Random forest,continuous,0.3575853000074858,0.0423292999912519
molecule,3,TabPFN-3,continuous,0.5298457000026247,24.717728300005547
molecule,3,Random forest,binary,0.45753420000255574,0.04421599999477621
molecule,3,TabPFN-3,binary,0.4778924999991432,20.72233619999315
molecule,4,Random forest,continuous,0.34557889999996405,0.040647700006957166
molecule,4,TabPFN-3,continuous,0.5481701999960933,24.594515900011174
molecule,4,Random forest,binary,0.45964960000128485,0.05459270000574179
molecule,4,TabPFN-3,binary,0.48651660000905395,20.142010800002026
molecule,5,Random forest,continuous,0.3393009000137681,0.04237410001223907
molecule,5,TabPFN-3,continuous,0.5080686000001151,24.314842599997064
molecule,5,Random forest,binary,0.44379200000548735,0.04399299999931827
molecule,5,TabPFN-3,binary,0.4298674000019673,20.157631499998388
