study_molecule_component,rows,study_groups,molecules,high_ada_prevalence
component_0073,1076,232,29,0.3847583643122677
component_0028,175,23,1,0.18857142857142858
component_0037,71,31,3,0.028169014084507043
component_0039,54,12,1,0.037037037037037035
component_0069,49,3,1,0.9591836734693877
component_0010,46,11,1,0.021739130434782608
component_0023,43,11,1,0.6744186046511628
component_0056,43,15,1,0.4883720930232558
component_0035,37,9,1,0.21621621621621623
component_0064,36,10,2,0.16666666666666666
component_0032,34,14,1,0.4117647058823529
component_0049,32,13,1,0.0
component_0052,32,18,1,0.15625
component_0018,31,2,1,0.16129032258064516
component_0042,25,6,1,0.48
component_0062,24,11,1,0.041666666666666664
component_0024,24,7,1,0.16666666666666666
component_0057,23,3,2,0.0
component_0006,19,3,1,0.5263157894736842
component_0022,19,11,1,0.21052631578947367
component_0051,18,9,1,0.3888888888888889
component_0070,17,4,1,0.6470588235294118
component_0055,17,2,1,0.0
component_0031,16,1,1,0.375
component_0025,16,3,2,0.1875
component_0009,15,8,1,0.5333333333333333
component_0019,13,2,1,0.0
component_0016,13,2,1,0.5384615384615384
component_0014,13,7,1,0.6153846153846154
component_0043,12,5,1,0.0
component_0065,12,6,1,0.08333333333333333
component_0012,11,4,1,0.5454545454545454
component_0033,9,1,1,0.1111111111111111
component_0068,8,1,1,1.0
component_0067,8,2,1,0.75
component_0047,8,7,1,0.125
component_0041,8,4,1,0.0
component_0003,8,2,1,1.0
component_0030,7,4,1,0.5714285714285714
component_0005,6,3,1,0.0
component_0007,6,2,1,0.6666666666666666
component_0013,6,6,1,0.16666666666666666
component_0063,6,4,2,0.0
component_0044,6,3,1,0.0
component_0066,6,3,1,0.6666666666666666
component_0011,6,1,1,0.0
component_0058,5,1,1,0.4
component_0036,5,1,1,0.2
component_0001,5,1,1,0.2
component_0054,4,1,1,0.0
component_0046,4,3,1,0.25
component_0050,4,1,1,0.0
component_0026,4,2,1,0.0
component_0021,4,3,1,0.75
component_0053,4,4,1,0.25
component_0002,3,1,1,0.6666666666666666
component_0015,3,2,1,0.0
component_0017,3,2,1,0.0
component_0020,3,3,1,1.0
component_0072,2,1,1,1.0
component_0004,2,1,1,0.5
component_0027,2,1,1,0.5
component_0045,2,2,1,0.0
component_0071,2,2,1,1.0
component_0034,2,1,1,0.5
component_0059,2,1,1,1.0
component_0060,2,1,1,0.5
component_0008,1,1,1,0.0
component_0029,1,1,1,0.0
component_0040,1,1,1,0.0
component_0038,1,1,1,0.0
component_0048,1,1,1,1.0
component_0061,1,1,1,1.0
