outcome,metric,higher_is_better,current_value,tabpfn_value,tabpfn_improvement,improvement_ci_2_5,improvement_ci_97_5,bootstrap_probability_tabpfn_better,bootstrap_repeats_valid,resampling_unit,conclusion
continuous,MAE,False,10.584620008783013,7.600577785225056,2.9840422235579567,1.4494595459648878,4.5666272666459236,1.0,2000,model_split_group,TabPFN improvement supported
continuous,RMSE,False,15.142227305900116,12.774754289302521,2.367473016597595,0.36318799993574563,4.5221917436234085,0.9925,2000,model_split_group,TabPFN improvement supported
continuous,R2,True,0.4612864056583219,0.6165722652876571,0.15528585962933517,0.021148690586245945,0.4308804056431696,0.9925,2000,model_split_group,TabPFN improvement supported
binary,ROC_AUC,True,0.8551323162634016,0.8871343892721795,0.03200207300877789,-0.006675737159359903,0.08214334245802368,0.95,2000,model_split_group,Difference uncertain
binary,PR_AUC,True,0.767987874672056,0.7902824826403023,0.02229460796824634,-0.032730540854760216,0.0776126216532132,0.7865,2000,model_split_group,Difference uncertain
binary,F1,True,0.7012987012987013,0.6728110599078341,-0.028487641390867235,-0.08779991770162296,0.01917668154328598,0.1345,2000,model_split_group,Difference uncertain
binary,Balanced_Accuracy,True,0.7754834321251579,0.7549152981569656,-0.020568133968192348,-0.05648066857242094,0.011230335853327772,0.1175,2000,model_split_group,Difference uncertain
binary,Brier,False,0.15865619992733856,0.12816310610832324,0.030493093819015327,0.009229333738322257,0.050436312160933826,0.995,2000,model_split_group,TabPFN improvement supported
binary,Log_Loss,False,0.49362843922497623,0.40786918247322224,0.085759256751754,0.030103941510271383,0.13791148130305977,0.997,2000,model_split_group,TabPFN improvement supported
