outcome,fold,MAE,RMSE,R2,fit_seconds,predict_seconds,validation_rows,validation_groups,ROC_AUC,PR_AUC,F1,Balanced_Accuracy,Brier,Log_Loss
continuous,1,10.518482737487298,19.723705317881237,0.06594347604565265,54.57154140000057,25.230562700002338,448,116,,,,,,
binary,1,,,,42.10864639999636,20.046125900000334,448,116,0.7876184489301763,0.7056098110887813,0.5991189427312775,0.712241856999837,0.15335902051663478,0.481558566009582
continuous,2,11.283252664214976,17.618242227420314,0.268912817514425,0.5545817000092939,27.69894149999891,448,117,,,,,,
binary,2,,,,0.6946222999977181,26.096430599995074,448,117,0.7818471337579618,0.5937566420485751,0.5956112852664577,0.7111655100294705,0.18186006401199037,0.5345689819545543
continuous,3,13.164785457504154,22.58553034461807,0.4370805510890421,0.7251273000001675,32.12557230000675,447,116,,,,,,
binary,3,,,,0.6351159000041662,26.273701900005108,447,116,0.8236728992048142,0.7848857709847012,0.6518518518518519,0.7365248226950354,0.15686530352874625,0.5265471535268725
continuous,4,11.29133309728067,18.001249109005812,0.43752645744266105,0.7256956999917747,32.029234200002975,447,116,,,,,,
binary,4,,,,0.6472427999979118,26.245027400000254,447,116,0.7909492787342949,0.6718366061180847,0.5276595744680851,0.6676826430898092,0.16022750354074833,0.5041393709626383
continuous,5,12.031546963793904,19.04938325464529,0.0805623771387245,0.6900922000058927,32.226988299997174,447,117,,,,,,
binary,5,,,,0.6841386000014609,26.346722100002808,447,117,0.7834277003484321,0.6194169026995335,0.5243445692883895,0.6542900696864111,0.1877252767760413,0.5663261493696081
