outcome,metric,higher_is_better,current_model,current_value,tabpfn_model,tabpfn_value,tabpfn_minus_current,winner
continuous,MAE,False,Random forest,10.584620008783013,TabPFN-3,7.600577785225056,-2.9840422235579567,TabPFN
continuous,RMSE,False,Random forest,15.142227305900116,TabPFN-3,12.774754289302521,-2.367473016597595,TabPFN
continuous,R2,True,Random forest,0.4612864056583219,TabPFN-3,0.6165722652876571,0.15528585962933517,TabPFN
binary,ROC_AUC,True,Random forest,0.8551323162634016,TabPFN-3,0.8871343892721795,0.03200207300877789,TabPFN
binary,PR_AUC,True,Random forest,0.767987874672056,TabPFN-3,0.7902824826403023,0.02229460796824634,TabPFN
binary,F1,True,Random forest,0.7012987012987013,TabPFN-3,0.6728110599078341,-0.028487641390867235,Random forest
binary,Balanced_Accuracy,True,Random forest,0.7754834321251579,TabPFN-3,0.7549152981569656,-0.020568133968192348,Random forest
binary,Brier,False,Random forest,0.1586561999273386,TabPFN-3,0.12816310610832324,-0.030493093819015354,TabPFN
binary,Log_Loss,False,Random forest,0.4936284392249762,TabPFN-3,0.40786918247322224,-0.08575925675175394,TabPFN
