outcome,feature,importance_mean,importance_sd,repeats,importance_definition
continuous,antibody_backbone_clean,1.077974314392917,0.19418515744205236,3,increase in MAE after permutation
continuous,target_group,1.0544592921489417,0.28744987927367494,3,increase in MAE after permutation
continuous,therapeutic_comparator,1.020557392718775,0.2246328991291425,3,increase in MAE after permutation
continuous,log_n_ada_assessed,0.9764543148341414,0.1753434778188566,3,increase in MAE after permutation
continuous,moa_group,0.7535870311165596,0.15525139675579658,3,increase in MAE after permutation
continuous,log_assessment_days,0.7258880559888249,0.23444983030264593,3,increase in MAE after permutation
continuous,max_chain_length,0.6715523412170192,0.28886729319567694,3,increase in MAE after permutation
continuous,randomized_or_not,0.6159129958995591,0.23312469363527302,3,increase in MAE after permutation
continuous,ada_assay_platform,0.5811277975917886,0.027921234872736185,3,increase in MAE after permutation
continuous,trial_blinding,0.49808128175577665,0.197031383913823,3,increase in MAE after permutation
continuous,route_clean,0.48288216750402313,0.20846812539549622,3,increase in MAE after permutation
continuous,disease_category_clean,0.4433533683525628,0.03178654016515778,3,increase in MAE after permutation
continuous,log_total_sequence_length,0.3916852145886149,0.05480693311087908,3,increase in MAE after permutation
continuous,light_chain_clean,0.35838998694668306,0.04657591555051296,3,increase in MAE after permutation
continuous,species,0.35666973876335967,0.1980922149810769,3,increase in MAE after permutation
continuous,ada_assay_sensitivity_missing,0.1880886116534762,0.06632222017840805,3,increase in MAE after permutation
continuous,ada_assay_missing,0.16250505568491422,0.07567973323361189,3,increase in MAE after permutation
continuous,sequence_verified,0.13117227990546296,0.06814730187068263,3,increase in MAE after permutation
continuous,log_dose_mg_extracted,0.11033513611012828,0.04536658943217955,3,increase in MAE after permutation
continuous,prospective_or_retrospective,0.10702101327634288,0.13252532816269877,3,increase in MAE after permutation
continuous,conjugate_modification_clean,0.1003593885445729,0.018851596212358757,3,increase in MAE after permutation
continuous,protein_modality,0.08977445388896903,0.09420394266148364,3,increase in MAE after permutation
continuous,dose_mg_missing,0.08901201985713343,0.10916768419644585,3,increase in MAE after permutation
continuous,sequence_available,0.07406372147483016,0.04818509358692721,3,increase in MAE after permutation
continuous,labelled_as_biosimilar,0.0683882672325904,0.03770384977934927,3,increase in MAE after permutation
continuous,n_unique_sequences,0.06623996326048272,0.023521565539321606,3,increase in MAE after permutation
continuous,n_sequence_chains,0.03895392289025068,0.017985479254491368,3,increase in MAE after permutation
continuous,has_coadministered_drugs,-0.04960329536639089,0.09112758012236344,3,increase in MAE after permutation
continuous,comedication_missing,-0.07907554750501895,0.08557500951273612,3,increase in MAE after permutation
binary,log_total_sequence_length,0.056251956941880045,0.00943775786829578,3,decrease in ROC-AUC after permutation
binary,log_n_ada_assessed,0.05142033492048059,0.013438731654087719,3,decrease in ROC-AUC after permutation
binary,route_clean,0.04005657586456327,0.011021005413116718,3,decrease in ROC-AUC after permutation
binary,target_group,0.03721158725531463,0.006559155995322632,3,decrease in ROC-AUC after permutation
binary,max_chain_length,0.02943240587784357,0.009070864123492117,3,decrease in ROC-AUC after permutation
binary,therapeutic_comparator,0.020676103175374272,0.004787655241407203,3,decrease in ROC-AUC after permutation
binary,log_assessment_days,0.017156307021237455,0.0008065776734801618,3,decrease in ROC-AUC after permutation
binary,trial_blinding,0.015234455133395866,0.005836841703385808,3,decrease in ROC-AUC after permutation
binary,randomized_or_not,0.01500771979831339,0.0055667210264014515,3,decrease in ROC-AUC after permutation
binary,antibody_backbone_clean,0.01204936352152349,0.0037783168041035835,3,decrease in ROC-AUC after permutation
binary,ada_assay_missing,0.011666072836027053,0.004774790940750056,3,decrease in ROC-AUC after permutation
binary,ada_assay_platform,0.010850905321802143,0.0007905934147934924,3,decrease in ROC-AUC after permutation
binary,log_dose_mg_extracted,0.008329824334099825,0.0035809497682853754,3,decrease in ROC-AUC after permutation
binary,light_chain_clean,0.005657586456342585,0.0012582814044626986,3,decrease in ROC-AUC after permutation
binary,conjugate_modification_clean,0.005004372752890711,0.0022128485905418926,3,decrease in ROC-AUC after permutation
binary,prospective_or_retrospective,0.004226994461179616,0.006107634440713577,3,decrease in ROC-AUC after permutation
binary,labelled_as_biosimilar,0.003206685453308563,0.0021741055002102863,3,decrease in ROC-AUC after permutation
binary,protein_modality,0.003055528563253603,0.0009817037450446542,3,decrease in ROC-AUC after permutation
binary,moa_group,0.0025372763687794655,0.0033361436758073603,3,decrease in ROC-AUC after permutation
binary,dose_mg_missing,0.0019920318725098474,0.000489089782999416,3,decrease in ROC-AUC after permutation
binary,sequence_verified,0.0019704380310734035,0.0022627406873430844,3,decrease in ROC-AUC after permutation
binary,sequence_available,0.0017005150131181868,0.0007635911789671088,3,decrease in ROC-AUC after permutation
binary,species,0.0016465304095271138,0.008609872400553569,3,decrease in ROC-AUC after permutation
binary,n_unique_sequences,-0.0010311059285892377,0.001617701589925756,3,decrease in ROC-AUC after permutation
binary,comedication_missing,-0.0010634966907439036,0.003503758813789125,3,decrease in ROC-AUC after permutation
binary,n_sequence_chains,-0.0018408749824550725,0.0015815461996586898,3,decrease in ROC-AUC after permutation
binary,ada_assay_sensitivity_missing,-0.0018840626653279606,0.0047707517063600565,3,decrease in ROC-AUC after permutation
binary,disease_category_clean,-0.0026722378777574254,0.0038668316516535257,3,decrease in ROC-AUC after permutation
binary,has_coadministered_drugs,-0.0034442177091095205,0.0003244470184588229,3,decrease in ROC-AUC after permutation
