outcome,metric,mean,sd,folds
continuous,MAE,11.6578801840562,0.997912753215248,5
continuous,RMSE,19.395622050714145,1.9689076790466626,5
continuous,R2,0.2580051358461011,0.18220078248636323,5
continuous,fit_seconds,11.45340766000154,24.10387223869721,5
continuous,predict_seconds,29.86225980000163,3.2226877949508355,5
binary,ROC_AUC,0.7935030921951359,0.017239077212133476,5
binary,PR_AUC,0.6751011465879352,0.07535211182213217,5
binary,F1,0.5797172447212123,0.053871565257544406,5
binary,Balanced_Accuracy,0.6963809805001127,0.03419399481691712,5
binary,Brier,0.16800743367483223,0.015651989401978983,5
binary,Log_Loss,0.522628044364651,0.03200001126835506,5
binary,fit_seconds,8.953953199999523,18.534053478079688,5
binary,predict_seconds,25.001601580000717,2.771691090535909,5
