scenario_id,weighting,bin,rows,effective_weight,mean_predicted_probability,observed_high_ada_rate,positive_rows,probability_min,probability_max
all_public_rows_grouped,row_weighted,1,296,296.0,0.21013087651943135,0.19932432432432431,59,0.08572176857956015,0.2623680187723441
all_public_rows_grouped,row_weighted,2,283,283.0,0.2902535329229645,0.26855123674911663,76,0.2629306959225129,0.304347509808861
all_public_rows_grouped,row_weighted,3,301,301.0,0.3152299216013622,0.4750830564784053,143,0.30463901728166387,0.3233124690990787
all_public_rows_grouped,row_weighted,4,277,277.0,0.3325976461907582,0.259927797833935,72,0.32352714512647884,0.34280046793338426
all_public_rows_grouped,row_weighted,5,286,286.0,0.5025478774242154,0.34615384615384615,99,0.3433043161995326,0.8029332114152391
all_public_rows_grouped,molecule_balanced,1,296,20.898949637936695,0.20207140081718356,0.2583975392958327,59,0.08572176857956015,0.2623680187723441
all_public_rows_grouped,molecule_balanced,2,283,14.185782894256143,0.291605137963341,0.17625870050197273,76,0.2629306959225129,0.304347509808861
all_public_rows_grouped,molecule_balanced,3,301,8.241035496198593,0.3134049326972599,0.26807478703004106,143,0.30463901728166387,0.3233124690990787
all_public_rows_grouped,molecule_balanced,4,277,10.140674601742038,0.3309811998499062,0.21182898084136323,72,0.32352714512647884,0.34280046793338426
all_public_rows_grouped,molecule_balanced,5,286,12.533557369866525,0.5031873906498928,0.2824185629583219,99,0.3433043161995326,0.8029332114152391
one_row_per_molecule,row_weighted,1,14,14.0,0.16388264810693465,0.2857142857142857,4,0.13653035809378994,0.17777841313707116
one_row_per_molecule,row_weighted,2,13,13.0,0.1898770984609626,0.3076923076923077,4,0.1785052211728026,0.19478440267506963
one_row_per_molecule,row_weighted,3,13,13.0,0.19848911711867911,0.0,0,0.195140807103283,0.20095481932399978
one_row_per_molecule,row_weighted,4,13,13.0,0.20738816710307428,0.3076923076923077,4,0.2030713423301384,0.21225105927892338
one_row_per_molecule,row_weighted,5,13,13.0,0.2288038930079759,0.07692307692307693,1,0.21647247550543738,0.2675938137989057
one_row_per_molecule,molecule_balanced,1,14,14.0,0.16388264810693465,0.2857142857142857,4,0.13653035809378994,0.17777841313707116
one_row_per_molecule,molecule_balanced,2,13,13.0,0.1898770984609626,0.3076923076923077,4,0.1785052211728026,0.19478440267506963
one_row_per_molecule,molecule_balanced,3,13,13.0,0.19848911711867911,0.0,0,0.195140807103283,0.20095481932399978
one_row_per_molecule,molecule_balanced,4,13,13.0,0.20738816710307428,0.3076923076923077,4,0.2030713423301384,0.21225105927892338
one_row_per_molecule,molecule_balanced,5,13,13.0,0.2288038930079759,0.07692307692307693,1,0.21647247550543738,0.2675938137989057
one_row_per_molecule_disease_category,row_weighted,1,16,16.0,0.14499754821858427,0.25,4,0.11802570913758674,0.15895981519378596
one_row_per_molecule_disease_category,row_weighted,2,15,15.0,0.16152941899285625,0.2,3,0.16047053621000062,0.16387097114338106
one_row_per_molecule_disease_category,row_weighted,3,16,16.0,0.1666689551166404,0.1875,3,0.1642809582858144,0.16973010141430034
one_row_per_molecule_disease_category,row_weighted,4,15,15.0,0.17242889587763782,0.0,0,0.1697631424792504,0.17563170242580442
one_row_per_molecule_disease_category,row_weighted,5,16,16.0,0.18830351135150397,0.1875,3,0.17577991442129842,0.21556511289816077
one_row_per_molecule_disease_category,molecule_balanced,1,16,13.833333333333332,0.14382824087302093,0.28915662650602414,4,0.11802570913758674,0.15895981519378596
one_row_per_molecule_disease_category,molecule_balanced,2,15,12.666666666666666,0.16149589351920127,0.2368421052631579,3,0.16047053621000062,0.16387097114338106
one_row_per_molecule_disease_category,molecule_balanced,3,16,14.083333333333332,0.16685640732868087,0.21301775147928995,3,0.1642809582858144,0.16973010141430034
one_row_per_molecule_disease_category,molecule_balanced,4,15,12.666666666666666,0.17269504824788656,0.0,0,0.1697631424792504,0.17563170242580442
one_row_per_molecule_disease_category,molecule_balanced,5,16,12.75,0.18858373308197537,0.23529411764705882,3,0.17577991442129842,0.21556511289816077
