scenario_id,scenario_label,weighting,n_rows,n_groups,positive_rows,prevalence,metric,estimate,ci_low,ci_high,no_skill_reference,higher_is_better,interpretation,ci_method
all_public_rows_grouped,All public rows (grouped by molecule),row_weighted,1443,66,449,0.31115731115731116,roc_auc,0.5685146513826836,0.46636873637838716,0.6592465566199085,0.5,True,Discrimination; 0.5 is no-skill and 1.0 is perfect.,"molecule-cluster bootstrap, 2000 resamples"
all_public_rows_grouped,All public rows (grouped by molecule),row_weighted,1443,66,449,0.31115731115731116,average_precision,0.3323695004504298,0.2056775081575582,0.4947271218740097,0.31115731115731116,True,Precision-recall summary; compare with outcome prevalence.,"molecule-cluster bootstrap, 2000 resamples"
all_public_rows_grouped,All public rows (grouped by molecule),row_weighted,1443,66,449,0.31115731115731116,balanced_accuracy_0_5,0.4833589510335958,0.4307170482621373,0.5304563008886353,0.5,True,Mean sensitivity and specificity at probability threshold 0.5.,"molecule-cluster bootstrap, 2000 resamples"
all_public_rows_grouped,All public rows (grouped by molecule),row_weighted,1443,66,449,0.31115731115731116,accuracy_0_5,0.6465696465696466,0.5217509681547718,0.7665275445253051,0.6888426888426888,True,Ordinary accuracy at 0.5; can be inflated by class imbalance.,"molecule-cluster bootstrap, 2000 resamples"
all_public_rows_grouped,All public rows (grouped by molecule),row_weighted,1443,66,449,0.31115731115731116,sensitivity_0_5,0.051224944320712694,0.006035462021377514,0.14693127648305065,,True,Fraction of High ADA rows predicted High at threshold 0.5.,"molecule-cluster bootstrap, 2000 resamples"
all_public_rows_grouped,All public rows (grouped by molecule),row_weighted,1443,66,449,0.31115731115731116,specificity_0_5,0.9154929577464789,0.7978521836506158,0.995387404994036,,True,Fraction of Low ADA rows predicted Low at threshold 0.5.,"molecule-cluster bootstrap, 2000 resamples"
all_public_rows_grouped,All public rows (grouped by molecule),row_weighted,1443,66,449,0.31115731115731116,brier_score,0.22860451836797768,0.1820303459896687,0.27730273567782726,0.2143384388706634,False,Mean squared probability error; lower is better.,"molecule-cluster bootstrap, 2000 resamples"
all_public_rows_grouped,All public rows (grouped by molecule),row_weighted,1443,66,449,0.31115731115731116,log_loss,0.6482364442744546,0.5491949659666138,0.7518348069330705,0.6200235227288904,False,Logarithmic probability loss; lower is better.,"molecule-cluster bootstrap, 2000 resamples"
all_public_rows_grouped,All public rows (grouped by molecule),row_weighted,1443,66,449,0.31115731115731116,mean_predicted_probability,0.3292328043015428,0.2974886736705135,0.36884612207418055,0.31115731115731116,,Average out-of-fold predicted High ADA probability.,"molecule-cluster bootstrap, 2000 resamples"
all_public_rows_grouped,All public rows (grouped by molecule),row_weighted,1443,66,449,0.31115731115731116,calibration_gap_predicted_minus_observed,0.018075493144231625,-0.1150214030701518,0.1468881584087111,0.0,False,Mean prediction minus observed prevalence; 0 is ideal.,"molecule-cluster bootstrap, 2000 resamples"
all_public_rows_grouped,All public rows (grouped by molecule),row_weighted,1443,66,449,0.31115731115731116,predicted_positive_rate_0_5,0.07415107415107415,0.00652203912810116,0.16902730310625044,0.0,,Fraction classified High ADA at threshold 0.5.,"molecule-cluster bootstrap, 2000 resamples"
all_public_rows_grouped,All public rows (grouped by molecule),molecule_balanced,1443,66,449,0.23935782850742163,roc_auc,0.5433217421239743,0.4308685908831946,0.6591607674428561,0.5,True,Discrimination; 0.5 is no-skill and 1.0 is perfect.,"molecule-cluster bootstrap, 2000 resamples"
all_public_rows_grouped,All public rows (grouped by molecule),molecule_balanced,1443,66,449,0.23935782850742163,average_precision,0.3038634733833275,0.1816490004660671,0.4824205852418435,0.23935782850742163,True,Precision-recall summary; compare with outcome prevalence.,"molecule-cluster bootstrap, 2000 resamples"
all_public_rows_grouped,All public rows (grouped by molecule),molecule_balanced,1443,66,449,0.23935782850742163,balanced_accuracy_0_5,0.540438538482177,0.48700966617057484,0.6145680937578066,0.5,True,Mean sensitivity and specificity at probability threshold 0.5.,"molecule-cluster bootstrap, 2000 resamples"
all_public_rows_grouped,All public rows (grouped by molecule),molecule_balanced,1443,66,449,0.23935782850742163,accuracy_0_5,0.7543795793780593,0.6767973817428963,0.8256094760825442,0.7606421714925784,True,Ordinary accuracy at 0.5; can be inflated by class imbalance.,"molecule-cluster bootstrap, 2000 resamples"
all_public_rows_grouped,All public rows (grouped by molecule),molecule_balanced,1443,66,449,0.23935782850742163,sensitivity_0_5,0.13002713101357782,0.01615017184404012,0.2796702815831905,,True,Fraction of High ADA rows predicted High at threshold 0.5.,"molecule-cluster bootstrap, 2000 resamples"
all_public_rows_grouped,All public rows (grouped by molecule),molecule_balanced,1443,66,449,0.23935782850742163,specificity_0_5,0.9508499459507763,0.8968103076134705,0.9935213581355908,,True,Fraction of Low ADA rows predicted Low at threshold 0.5.,"molecule-cluster bootstrap, 2000 resamples"
all_public_rows_grouped,All public rows (grouped by molecule),molecule_balanced,1443,66,449,0.23935782850742163,brier_score,0.19002893196119863,0.1579622229314222,0.2255306354419796,0.18206565843963338,False,Mean squared probability error; lower is better.,"molecule-cluster bootstrap, 2000 resamples"
all_public_rows_grouped,All public rows (grouped by molecule),molecule_balanced,1443,66,449,0.23935782850742163,log_loss,0.566409650372665,0.49514406396309546,0.6455490605109894,0.5503385790354851,False,Logarithmic probability loss; lower is better.,"molecule-cluster bootstrap, 2000 resamples"
all_public_rows_grouped,All public rows (grouped by molecule),molecule_balanced,1443,66,449,0.23935782850742163,mean_predicted_probability,0.3122061978403178,0.2855361630684127,0.3442711435108006,0.23935782850742163,,Average out-of-fold predicted High ADA probability.,"molecule-cluster bootstrap, 2000 resamples"
all_public_rows_grouped,All public rows (grouped by molecule),molecule_balanced,1443,66,449,0.23935782850742163,calibration_gap_predicted_minus_observed,0.07284836933289615,-0.005281538667425882,0.14711914090888176,0.0,False,Mean prediction minus observed prevalence; 0 is ideal.,"molecule-cluster bootstrap, 2000 resamples"
all_public_rows_grouped,All public rows (grouped by molecule),molecule_balanced,1443,66,449,0.23935782850742163,predicted_positive_rate_0_5,0.06850861556743909,0.01893939393939394,0.13227309863339273,0.0,,Fraction classified High ADA at threshold 0.5.,"molecule-cluster bootstrap, 2000 resamples"
one_row_per_molecule,One row per molecule,row_weighted,66,66,13,0.19696969696969696,roc_auc,0.40638606676342526,0.24237785348241322,0.5798687155647383,0.5,True,Discrimination; 0.5 is no-skill and 1.0 is perfect.,"molecule-cluster bootstrap, 2000 resamples"
one_row_per_molecule,One row per molecule,row_weighted,66,66,13,0.19696969696969696,average_precision,0.17380425990491205,0.10002788557394637,0.3086363660516084,0.19696969696969696,True,Precision-recall summary; compare with outcome prevalence.,"molecule-cluster bootstrap, 2000 resamples"
one_row_per_molecule,One row per molecule,row_weighted,66,66,13,0.19696969696969696,balanced_accuracy_0_5,0.5,0.5,0.5,0.5,True,Mean sensitivity and specificity at probability threshold 0.5.,"molecule-cluster bootstrap, 2000 resamples"
one_row_per_molecule,One row per molecule,row_weighted,66,66,13,0.19696969696969696,accuracy_0_5,0.803030303030303,0.7121212121212122,0.8939393939393939,0.803030303030303,True,Ordinary accuracy at 0.5; can be inflated by class imbalance.,"molecule-cluster bootstrap, 2000 resamples"
one_row_per_molecule,One row per molecule,row_weighted,66,66,13,0.19696969696969696,sensitivity_0_5,0.0,0.0,0.0,,True,Fraction of High ADA rows predicted High at threshold 0.5.,"molecule-cluster bootstrap, 2000 resamples"
one_row_per_molecule,One row per molecule,row_weighted,66,66,13,0.19696969696969696,specificity_0_5,1.0,1.0,1.0,,True,Fraction of Low ADA rows predicted Low at threshold 0.5.,"molecule-cluster bootstrap, 2000 resamples"
one_row_per_molecule,One row per molecule,row_weighted,66,66,13,0.19696969696969696,brier_score,0.161599881557984,0.1041664609261646,0.21994533699904165,0.1581726354453627,False,Mean squared probability error; lower is better.,"molecule-cluster bootstrap, 2000 resamples"
one_row_per_molecule,One row per molecule,row_weighted,66,66,13,0.19696969696969696,log_loss,0.507223868877522,0.3712454414317256,0.6461024735554456,0.49617272588608563,False,Logarithmic probability loss; lower is better.,"molecule-cluster bootstrap, 2000 resamples"
one_row_per_molecule,One row per molecule,row_weighted,66,66,13,0.19696969696969696,mean_predicted_probability,0.19717597965872846,0.19171114863515556,0.20290587032991753,0.19696969696969696,,Average out-of-fold predicted High ADA probability.,"molecule-cluster bootstrap, 2000 resamples"
one_row_per_molecule,One row per molecule,row_weighted,66,66,13,0.19696969696969696,calibration_gap_predicted_minus_observed,0.0002062826890315006,-0.09329064692763743,0.09357905691372585,0.0,False,Mean prediction minus observed prevalence; 0 is ideal.,"molecule-cluster bootstrap, 2000 resamples"
one_row_per_molecule,One row per molecule,row_weighted,66,66,13,0.19696969696969696,predicted_positive_rate_0_5,0.0,0.0,0.0,0.0,,Fraction classified High ADA at threshold 0.5.,"molecule-cluster bootstrap, 2000 resamples"
one_row_per_molecule,One row per molecule,molecule_balanced,66,66,13,0.19696969696969696,roc_auc,0.40638606676342526,0.2365579452119831,0.587819089900111,0.5,True,Discrimination; 0.5 is no-skill and 1.0 is perfect.,"molecule-cluster bootstrap, 2000 resamples"
one_row_per_molecule,One row per molecule,molecule_balanced,66,66,13,0.19696969696969696,average_precision,0.17380425990491205,0.10028647613274508,0.3172002653711835,0.19696969696969696,True,Precision-recall summary; compare with outcome prevalence.,"molecule-cluster bootstrap, 2000 resamples"
one_row_per_molecule,One row per molecule,molecule_balanced,66,66,13,0.19696969696969696,balanced_accuracy_0_5,0.5,0.5,0.5,0.5,True,Mean sensitivity and specificity at probability threshold 0.5.,"molecule-cluster bootstrap, 2000 resamples"
one_row_per_molecule,One row per molecule,molecule_balanced,66,66,13,0.19696969696969696,accuracy_0_5,0.803030303030303,0.696969696969697,0.8939393939393939,0.803030303030303,True,Ordinary accuracy at 0.5; can be inflated by class imbalance.,"molecule-cluster bootstrap, 2000 resamples"
one_row_per_molecule,One row per molecule,molecule_balanced,66,66,13,0.19696969696969696,sensitivity_0_5,0.0,0.0,0.0,,True,Fraction of High ADA rows predicted High at threshold 0.5.,"molecule-cluster bootstrap, 2000 resamples"
one_row_per_molecule,One row per molecule,molecule_balanced,66,66,13,0.19696969696969696,specificity_0_5,1.0,1.0,1.0,,True,Fraction of Low ADA rows predicted Low at threshold 0.5.,"molecule-cluster bootstrap, 2000 resamples"
one_row_per_molecule,One row per molecule,molecule_balanced,66,66,13,0.19696969696969696,brier_score,0.161599881557984,0.10508009359224,0.22374669616843276,0.1581726354453627,False,Mean squared probability error; lower is better.,"molecule-cluster bootstrap, 2000 resamples"
one_row_per_molecule,One row per molecule,molecule_balanced,66,66,13,0.19696969696969696,log_loss,0.507223868877522,0.3739137776143723,0.6510439057267488,0.49617272588608563,False,Logarithmic probability loss; lower is better.,"molecule-cluster bootstrap, 2000 resamples"
one_row_per_molecule,One row per molecule,molecule_balanced,66,66,13,0.19696969696969696,mean_predicted_probability,0.19717597965872846,0.1916889222865154,0.20260643037468978,0.19696969696969696,,Average out-of-fold predicted High ADA probability.,"molecule-cluster bootstrap, 2000 resamples"
one_row_per_molecule,One row per molecule,molecule_balanced,66,66,13,0.19696969696969696,calibration_gap_predicted_minus_observed,0.0002062826890315006,-0.10378109917834198,0.09229999626794913,0.0,False,Mean prediction minus observed prevalence; 0 is ideal.,"molecule-cluster bootstrap, 2000 resamples"
one_row_per_molecule,One row per molecule,molecule_balanced,66,66,13,0.19696969696969696,predicted_positive_rate_0_5,0.0,0.0,0.0,0.0,,Fraction classified High ADA at threshold 0.5.,"molecule-cluster bootstrap, 2000 resamples"
one_row_per_molecule_disease_category,One row per molecule × disease category,row_weighted,78,66,13,0.16666666666666666,roc_auc,0.3940828402366864,0.22094444444444444,0.5883507597117794,0.5,True,Discrimination; 0.5 is no-skill and 1.0 is perfect.,"molecule-cluster bootstrap, 2000 resamples"
one_row_per_molecule_disease_category,One row per molecule × disease category,row_weighted,78,66,13,0.16666666666666666,average_precision,0.16358623849771983,0.08218685873601084,0.35206585841107757,0.16666666666666666,True,Precision-recall summary; compare with outcome prevalence.,"molecule-cluster bootstrap, 2000 resamples"
one_row_per_molecule_disease_category,One row per molecule × disease category,row_weighted,78,66,13,0.16666666666666666,balanced_accuracy_0_5,0.5,0.5,0.5,0.5,True,Mean sensitivity and specificity at probability threshold 0.5.,"molecule-cluster bootstrap, 2000 resamples"
one_row_per_molecule_disease_category,One row per molecule × disease category,row_weighted,78,66,13,0.16666666666666666,accuracy_0_5,0.8333333333333334,0.7466666666666667,0.9146406331084588,0.8333333333333334,True,Ordinary accuracy at 0.5; can be inflated by class imbalance.,"molecule-cluster bootstrap, 2000 resamples"
one_row_per_molecule_disease_category,One row per molecule × disease category,row_weighted,78,66,13,0.16666666666666666,sensitivity_0_5,0.0,0.0,0.0,,True,Fraction of High ADA rows predicted High at threshold 0.5.,"molecule-cluster bootstrap, 2000 resamples"
one_row_per_molecule_disease_category,One row per molecule × disease category,row_weighted,78,66,13,0.16666666666666666,specificity_0_5,1.0,1.0,1.0,,True,Fraction of Low ADA rows predicted Low at threshold 0.5.,"molecule-cluster bootstrap, 2000 resamples"
one_row_per_molecule_disease_category,One row per molecule × disease category,row_weighted,78,66,13,0.16666666666666666,brier_score,0.14066114528168575,0.08470902787761751,0.19772290901204959,0.1388888888888889,False,Mean squared probability error; lower is better.,"molecule-cluster bootstrap, 2000 resamples"
one_row_per_molecule_disease_category,One row per molecule × disease category,row_weighted,78,66,13,0.16666666666666666,log_loss,0.4575112963550737,0.319976264703366,0.599250103371612,0.45056120886630463,False,Logarithmic probability loss; lower is better.,"molecule-cluster bootstrap, 2000 resamples"
one_row_per_molecule_disease_category,One row per molecule × disease category,row_weighted,78,66,13,0.16666666666666666,mean_predicted_probability,0.1667807045903214,0.16304463083618706,0.17054418155982007,0.16666666666666666,,Average out-of-fold predicted High ADA probability.,"molecule-cluster bootstrap, 2000 resamples"
one_row_per_molecule_disease_category,One row per molecule × disease category,row_weighted,78,66,13,0.16666666666666666,calibration_gap_predicted_minus_observed,0.0001140379236547473,-0.08573048022611388,0.08268667371310848,0.0,False,Mean prediction minus observed prevalence; 0 is ideal.,"molecule-cluster bootstrap, 2000 resamples"
one_row_per_molecule_disease_category,One row per molecule × disease category,row_weighted,78,66,13,0.16666666666666666,predicted_positive_rate_0_5,0.0,0.0,0.0,0.0,,Fraction classified High ADA at threshold 0.5.,"molecule-cluster bootstrap, 2000 resamples"
one_row_per_molecule_disease_category,One row per molecule × disease category,molecule_balanced,78,66,13,0.19696969696969696,roc_auc,0.39671020803096274,0.2226464023109244,0.5851851851851853,0.5,True,Discrimination; 0.5 is no-skill and 1.0 is perfect.,"molecule-cluster bootstrap, 2000 resamples"
one_row_per_molecule_disease_category,One row per molecule × disease category,molecule_balanced,78,66,13,0.19696969696969696,average_precision,0.19525476637118433,0.10121759145306589,0.3937743383795037,0.19696969696969696,True,Precision-recall summary; compare with outcome prevalence.,"molecule-cluster bootstrap, 2000 resamples"
one_row_per_molecule_disease_category,One row per molecule × disease category,molecule_balanced,78,66,13,0.19696969696969696,balanced_accuracy_0_5,0.5,0.5,0.5,0.5,True,Mean sensitivity and specificity at probability threshold 0.5.,"molecule-cluster bootstrap, 2000 resamples"
one_row_per_molecule_disease_category,One row per molecule × disease category,molecule_balanced,78,66,13,0.19696969696969696,accuracy_0_5,0.803030303030303,0.696969696969697,0.8939393939393939,0.803030303030303,True,Ordinary accuracy at 0.5; can be inflated by class imbalance.,"molecule-cluster bootstrap, 2000 resamples"
one_row_per_molecule_disease_category,One row per molecule × disease category,molecule_balanced,78,66,13,0.19696969696969696,sensitivity_0_5,0.0,0.0,0.0,,True,Fraction of High ADA rows predicted High at threshold 0.5.,"molecule-cluster bootstrap, 2000 resamples"
one_row_per_molecule_disease_category,One row per molecule × disease category,molecule_balanced,78,66,13,0.19696969696969696,specificity_0_5,1.0,1.0,1.0,,True,Fraction of Low ADA rows predicted Low at threshold 0.5.,"molecule-cluster bootstrap, 2000 resamples"
one_row_per_molecule_disease_category,One row per molecule × disease category,molecule_balanced,78,66,13,0.19696969696969696,brier_score,0.16098863054824952,0.09964543981985277,0.2296166660559944,0.1581726354453627,False,Mean squared probability error; lower is better.,"molecule-cluster bootstrap, 2000 resamples"
one_row_per_molecule_disease_category,One row per molecule × disease category,molecule_balanced,78,66,13,0.19696969696969696,log_loss,0.5069403840644525,0.356843774562604,0.6722445341017134,0.49617272588608563,False,Logarithmic probability loss; lower is better.,"molecule-cluster bootstrap, 2000 resamples"
one_row_per_molecule_disease_category,One row per molecule × disease category,molecule_balanced,78,66,13,0.19696969696969696,mean_predicted_probability,0.1663188827444547,0.16220331115396244,0.1701959099392406,0.19696969696969696,,Average out-of-fold predicted High ADA probability.,"molecule-cluster bootstrap, 2000 resamples"
one_row_per_molecule_disease_category,One row per molecule × disease category,molecule_balanced,78,66,13,0.19696969696969696,calibration_gap_predicted_minus_observed,-0.030650814225242268,-0.1355310650062787,0.060877371625369055,0.0,False,Mean prediction minus observed prevalence; 0 is ideal.,"molecule-cluster bootstrap, 2000 resamples"
one_row_per_molecule_disease_category,One row per molecule × disease category,molecule_balanced,78,66,13,0.19696969696969696,predicted_positive_rate_0_5,0.0,0.0,0.0,0.0,,Fraction classified High ADA at threshold 0.5.,"molecule-cluster bootstrap, 2000 resamples"
