scenario_id,repeat,n_rows,n_groups,positive_rows,prevalence,roc_auc,average_precision,balanced_accuracy_0_5,accuracy_0_5,sensitivity_0_5,specificity_0_5,brier_score,log_loss,mean_predicted_probability,calibration_gap_predicted_minus_observed,predicted_positive_rate_0_5
all_public_rows_grouped,1,1443,66,449,0.31115731115731116,0.5849943760558899,0.3417468613775591,0.4833589510335958,0.6465696465696466,0.051224944320712694,0.9154929577464789,0.22734135483565204,0.6452262347946778,0.3281681579303721,0.017010846773060917,0.07415107415107415
all_public_rows_grouped,2,1443,66,449,0.31115731115731116,0.5772519302899805,0.3368098762332372,0.4833589510335958,0.6465696465696466,0.051224944320712694,0.9154929577464789,0.22807729135534277,0.6469462143214176,0.3281873982391593,0.017030087081848166,0.07415107415107415
all_public_rows_grouped,3,1443,66,449,0.31115731115731116,0.5639079465658091,0.33102260368494224,0.4833589510335958,0.6465696465696466,0.051224944320712694,0.9154929577464789,0.2291877824881723,0.649548775130448,0.32957767152245143,0.018420360365140276,0.07415107415107415
all_public_rows_grouped,4,1443,66,449,0.31115731115731116,0.5628851057346305,0.33030140878568537,0.4833589510335958,0.6465696465696466,0.051224944320712694,0.9154929577464789,0.2292934105315914,0.6497925804378638,0.3296093802579222,0.018452069100611035,0.07415107415107415
all_public_rows_grouped,5,1443,66,449,0.31115731115731116,0.5677147517622438,0.33256791025631105,0.4833589510335958,0.6465696465696466,0.051224944320712694,0.9154929577464789,0.22890689884330326,0.6489503441426538,0.3302303142204704,0.019073003063159233,0.07415107415107415
all_public_rows_grouped,6,1443,66,449,0.31115731115731116,0.5597628084766954,0.3274500058813642,0.4833589510335958,0.6465696465696466,0.051224944320712694,0.9154929577464789,0.22955560938051653,0.6502900753667792,0.32993725380934597,0.01877994265203481,0.07415107415107415
all_public_rows_grouped,7,1443,66,449,0.31115731115731116,0.583237733752179,0.34053195311630047,0.4833589510335958,0.6465696465696466,0.051224944320712694,0.9154929577464789,0.22751146447371942,0.6455971035476123,0.32800326713696903,0.01684595597965788,0.07415107415107415
all_public_rows_grouped,8,1443,66,449,0.31115731115731116,0.568980699340811,0.33098151807273,0.48235291481629194,0.6451836451836452,0.051224944320712694,0.9134808853118712,0.2287690250766394,0.6484851657240889,0.3281775412885661,0.01702023013125492,0.07553707553707553
all_public_rows_grouped,9,1443,66,449,0.31115731115731116,0.5691330611732758,0.3334755665977276,0.4833589510335958,0.6465696465696466,0.051224944320712694,0.9154929577464789,0.22881485051861478,0.6487205427860842,0.3301965852906291,0.019039274133317963,0.07415107415107415
all_public_rows_grouped,10,1443,66,449,0.31115731115731116,0.5621692291835646,0.3299812271592927,0.4833589510335958,0.6465696465696466,0.051224944320712694,0.9154929577464789,0.2292325497258634,0.6497121856100438,0.33024047331954265,0.019083162162231493,0.07415107415107415
one_row_per_molecule,1,66,66,13,0.19696969696969696,0.45718432510885343,0.19446173537168676,0.5,0.803030303030303,0.0,1.0,0.15964438276484533,0.501040893010643,0.1976559632227495,0.0006862662530525421,0.0
one_row_per_molecule,2,66,66,13,0.19696969696969696,0.3904208998548621,0.17456758789885454,0.5,0.803030303030303,0.0,1.0,0.16033947433279422,0.5028019514415596,0.19670742440053465,-0.00026227256916230846,0.0
one_row_per_molecule,3,66,66,13,0.19696969696969696,0.4397677793904209,0.20126692100567278,0.5,0.803030303030303,0.0,1.0,0.16068610844019604,0.5069926154646686,0.19086597368347277,-0.006103723286224189,0.0
one_row_per_molecule,4,66,66,13,0.19696969696969696,0.46153846153846156,0.25195426362149403,0.5,0.803030303030303,0.0,1.0,0.1587160549000745,0.4978690606576091,0.1965442829940546,-0.00042541397564235806,0.0
one_row_per_molecule,5,66,66,13,0.19696969696969696,0.40638606676342526,0.1863315513779334,0.5,0.803030303030303,0.0,1.0,0.16830972699852295,0.5429209779398345,0.19384947906781588,-0.0031202179018810783,0.0
one_row_per_molecule,6,66,66,13,0.19696969696969696,0.31204644412191584,0.15556509534174778,0.5,0.803030303030303,0.0,1.0,0.1673928621791732,0.5240312074553959,0.2016550510103092,0.0046853540406122385,0.0
one_row_per_molecule,7,66,66,13,0.19696969696969696,0.397677793904209,0.17684253761516916,0.5,0.803030303030303,0.0,1.0,0.16506429111076154,0.5160511655465709,0.1946812625784896,-0.00228843439120735,0.0
one_row_per_molecule,8,66,66,13,0.19696969696969696,0.44847605224963716,0.25205143354757886,0.5,0.803030303030303,0.0,1.0,0.15901705894866502,0.4991018085735853,0.19612858016971596,-0.000841116799981001,0.0
one_row_per_molecule,9,66,66,13,0.19696969696969696,0.41219158200290273,0.21030580746309985,0.5,0.803030303030303,0.0,1.0,0.16474129879153648,0.516175480977802,0.20693378292173822,0.009964085952041263,0.0
one_row_per_molecule,10,66,66,13,0.19696969696969696,0.42380261248185774,0.25144843207233897,0.5,0.803030303030303,0.0,1.0,0.1613028039291336,0.5098275522378217,0.19673799653840443,-0.00023170043129253082,0.0
one_row_per_molecule_disease_category,1,78,66,13,0.16666666666666666,0.5159763313609468,0.2721350616956168,0.5,0.8333333333333334,0.0,1.0,0.1387931965920672,0.4548091831249845,0.16780339886472712,0.0011367321980604583,0.0
one_row_per_molecule_disease_category,2,78,66,13,0.16666666666666666,0.3739644970414201,0.15623531779500888,0.5,0.8333333333333334,0.0,1.0,0.1457756025674105,0.4753018966079062,0.17485176239479952,0.008185095728132863,0.0
one_row_per_molecule_disease_category,3,78,66,13,0.16666666666666666,0.47455621301775147,0.24138495797885884,0.5,0.8333333333333334,0.0,1.0,0.13895020333750957,0.4507187350758207,0.1659754638948691,-0.0006912027717975444,0.0
one_row_per_molecule_disease_category,4,78,66,13,0.16666666666666666,0.44260355029585796,0.1577453432960871,0.5,0.8333333333333334,0.0,1.0,0.14310519017232087,0.4674861465018679,0.16854109016744387,0.0018744235007772114,0.0
one_row_per_molecule_disease_category,5,78,66,13,0.16666666666666666,0.421301775147929,0.15376649570812442,0.5,0.8333333333333334,0.0,1.0,0.14562088314009827,0.4918632518859036,0.1645976399682533,-0.0020690266984133565,0.0
one_row_per_molecule_disease_category,6,78,66,13,0.16666666666666666,0.44970414201183434,0.260211078929571,0.5,0.8333333333333334,0.0,1.0,0.13926420538608278,0.45190610892415745,0.1662046528609967,-0.00046201380566995853,0.0
one_row_per_molecule_disease_category,7,78,66,13,0.16666666666666666,0.39644970414201186,0.1466797881075609,0.5,0.8333333333333334,0.0,1.0,0.14329850314977685,0.4656348857962185,0.16553597815737736,-0.001130688509289296,0.0
one_row_per_molecule_disease_category,8,78,66,13,0.16666666666666666,0.49230769230769234,0.23530650778810727,0.5,0.8333333333333334,0.0,1.0,0.1389591223553375,0.45083206879917964,0.1666630101803582,-3.656486308456497e-06,0.0
one_row_per_molecule_disease_category,9,78,66,13,0.16666666666666666,0.527810650887574,0.22074384738985592,0.5,0.8333333333333334,0.0,1.0,0.13882172288637878,0.4502698867524876,0.1672623920951047,0.0005957254284380542,0.0
one_row_per_molecule_disease_category,10,78,66,13,0.16666666666666666,0.4686390532544379,0.19735916181967839,0.5,0.8333333333333334,0.0,1.0,0.1424985060815831,0.46790799598794025,0.16037165731928402,-0.006295009347382641,0.0
