outcome,model,cv_MAE_mean,cv_MAE_sd,cv_RMSE_mean,cv_RMSE_sd,cv_R2_mean,cv_R2_sd,cv_fit_time_mean_seconds,cv_ROC_AUC_mean,cv_ROC_AUC_sd,cv_PR_AUC_mean,cv_PR_AUC_sd,cv_Brier_mean,cv_Brier_sd,cv_F1_mean,cv_F1_sd,cv_Balanced_Accuracy_mean,cv_Balanced_Accuracy_sd,selected,test_MAE,test_RMSE,test_R2,test_ROC_AUC,test_PR_AUC,test_F1,test_Balanced_Accuracy,test_Brier,test_Log_Loss,test_weighted_MAE_pp,test_weighted_Brier,test_weighted_Log_Loss
binary,Dummy prior,,,,,,,0.03209948539733887,0.5,0.0,0.32992869127516783,0.03137546577032148,0.22151865583158248,0.010857948397457951,0.0,0.0,0.5,0.0,False,,,,0.5,0.32887700534759357,0.0,0.5,0.22071797978695634,0.6333828907692469,,,
binary,Histogram gradient boosting,,,,,,,0.6005959033966064,0.8143828298159056,0.055478925902658134,0.693162348607397,0.11093007510597042,0.16840521779129605,0.03681965986964354,0.6238253006776863,0.08431761700428339,0.72090381185268,0.05832227141064152,False,,,,0.8760567486152948,0.8061097328418241,0.694980694980695,0.7742201924011272,0.13739646057937405,0.42308493754715376,,,
binary,Logistic regression,,,,,,,0.05587005615234375,0.7518533149772179,0.05134697502909121,0.6091412522460837,0.08628061699430176,0.19808558757900024,0.018299504766648933,0.5874012371862807,0.05798470283033564,0.6857272738612507,0.0348112573417004,False,,,,0.7250186246882389,0.5719050578790126,0.5397923875432526,0.6417743659508308,0.21353703047956318,0.6079355994672779,,,
binary,Random forest,,,,,,,0.7861162185668945,0.8046175369601212,0.05501698423870263,0.694905395588069,0.10515839347607984,0.1703284867921461,0.021612835088693192,0.596044141616826,0.09677171344141908,0.7005991368016306,0.06402631645319211,True,,,,0.8551323162634016,0.767987874672056,0.7012987012987013,0.7754834321251579,0.15865619992733856,0.49362843922497623,,,
continuous,Dummy median,13.435721995248434,3.3215910936309094,25.41179826686548,5.238477339989127,-0.2157746847648318,0.05358509763161503,0.03755993843078613,,,,,,,,,,,False,12.320492820941508,22.819289425819967,-0.2234399166532095,,,,,,,,,
continuous,Histogram gradient boosting,12.391394799506426,1.0006866830989538,19.11395574773504,1.8766358524022326,0.2818768353016886,0.15357004307176172,0.426072883605957,,,,,,,,,,,False,10.214143645814875,15.298829866654454,0.45008591617512694,,,,,,,,,
continuous,Random forest,12.28749587514643,1.1038625962611288,19.37799608630641,2.296161472687154,0.27015161586419423,0.13155448295000136,0.6911435127258301,,,,,,,,,,,True,10.584620008783013,15.142227305900116,0.4612864056583219,,,,,,,,,
continuous,Ridge,14.68316249571274,1.489765211082583,20.570040557407587,1.794449974517845,0.16175939510832074,0.19927731777232513,0.046868181228637694,,,,,,,,,,,False,12.223537728536021,16.51066478306727,0.3595171098823914,,,,,,,,,
binomial_count,Weighted null proportion,,,,,,,,,,,,,,,,,,False,,,,,,,,,,14.08670127999566,0.03315789560295514,0.4074020298494536
binomial_count,Binomial GLM,,,,,,,,,,,,,,,,,,True,,,,,,,,,,10.26107862725331,0.02022736155449883,0.3757291463551696
