idc_row_id,model_split_group,molecule_inn_name,ada_frequency_percent_actual,ada_frequency_percent_predicted,ada_high_10_actual,ada_high_10_probability
CT0004_A1_001,CT0004,Alemtuzumab,0.0,9.32949424243897,0,0.3640223964126157
CT0004_A1_002,CT0004,Alemtuzumab,20.0,8.838301620932866,1,0.4093091363160138
CT0029_A1_001,CT0029,Atezolizumab,2.507836991,21.538284086581562,0,0.8120985682219706
CT0029_A1_002,CT0029,Atezolizumab,27.5862069,21.538284086581562,1,0.815431901555304
CT0029_A1_003,CT0029,Atezolizumab,0.821018062,21.538284086581562,0,0.815431901555304
CT0032_A1_002,CT0032,Trastuzumab emtansine,7.5,4.9370216763409305,0,0.39178853292746346
CT0032_A1_003,CT0032,Trastuzumab emtansine,11.7,4.9370216763409305,1,0.39178853292746346
CT0032_A1_004,CT0032,Trastuzumab emtansine,13.1,4.9370216763409305,1,0.39178853292746346
CT0035_A2_001,CT0035,Lebrikizumab,16.1,15.290903837039663,1,0.6921472811825651
CT0035_A3_001,CT0035,Lebrikizumab,14.0,12.96872954551687,1,0.6637096472631737
CT0035_A4_001,CT0035,Lebrikizumab,11.6,15.364549387889825,1,0.6988612929326993
CT0035_A5_001,CT0035,Lebrikizumab,8.4,12.272344218614519,0,0.6645743221000551
CT0036_A2_001,CT0036,Tanezumab,0.0,6.815691782131258,0,0.38069593320360073
CT0036_A3_001,CT0036,Tanezumab,0.0,9.039518285665054,0,0.3784844715574409
CT0036_A4_001,CT0036,Tanezumab,1.388888889,5.868035885498118,0,0.3978784320400357
CT0710_A1_001,CT0710,Moxetumomab pasudotox,59.0,66.20984014586173,1,0.8285308297005146
CT0045_A1_002,CT0045,Trastuzumab,6.060606061,6.853900878558029,0,0.3112971171223569
CT0158_A4_001,CT0158,Ipilimumab,20.0,5.67239407179093,1,0.36759111677185125
CT0424_A8_003,CT0424,Nivolumab,20.0,17.614599175348147,1,0.46310837905761504
CT0158_A3_003,CT0158,Nivolumab,12.5,17.95839841297789,1,0.5282119293688503
CT0056_A1_003,CT0056,Reslizumab,0.0,37.825694167432594,0,0.4389042319598509
CT0056_A2_003,CT0056,Reslizumab,0.0,37.825694167432594,0,0.4389042319598509
CT0056_A3_003,CT0056,Reslizumab,0.0,32.474930891700694,0,0.38167961152650204
CT0056_A1_004,CT0056,Reslizumab,16.66666667,38.47044196884531,1,0.4402280921767566
CT0056_A2_004,CT0056,Reslizumab,0.0,38.47044196884531,0,0.4402280921767566
CT0056_A3_004,CT0056,Reslizumab,0.0,32.95317317867783,0,0.38300347174340776
CT0056_A1_005,CT0056,Reslizumab,8.333333333,39.92727429013824,0,0.4625771393440368
CT0056_A2_005,CT0056,Reslizumab,0.0,39.92727429013824,0,0.4625771393440368
CT0056_A3_005,CT0056,Reslizumab,0.0,34.48070893995189,0,0.4050535924363979
CT0064_A2_001,CT0064,Brolucizumab,55.30973451,50.21785402968976,1,0.785917368872048
CT0064_A2_002,CT0064,Brolucizumab,58.82352941,50.63534193825613,1,0.7959508571076636
CT0064_A2_003,CT0064,Brolucizumab,65.06849315,50.77231392471416,1,0.813174066180623
CT0064_A2_004,CT0064,Brolucizumab,69.29824561,51.31460580867211,1,0.7989740191673004
CT0064_A2_005,CT0064,Brolucizumab,67.54385965,51.831839439353125,1,0.8080072390040262
CT0064_A2_006,CT0064,Brolucizumab,62.68656716,47.4798671074089,1,0.7387835136697241
CT0072_A1_001,CT0072,Denosumab,5.555555556,4.334735263770512,0,0.3316138875964622
CT0072_A2_001,CT0072,Denosumab,0.0,7.622979093503041,0,0.4062803200816118
CT0424_A6_003,CT0424,Nivolumab,10.0,14.01602722829729,1,0.4508481076375912
CT0080_A1_002,CT0080,Ofatumumab,0.0,1.2810142002023002,0,0.08349131539598986
CT0080_A2_002,CT0080,Ofatumumab,0.0,1.2381576585683136,0,0.08838674653849424
CT0080_A1_003,CT0080,Ofatumumab,0.0,1.2556428681355611,0,0.07203783371923364
CT0080_A2_003,CT0080,Ofatumumab,0.0,1.303897080151867,0,0.07946189410484386
CT0080_A1_004,CT0080,Ofatumumab,0.0,1.3034558949081962,0,0.07232479689743743
CT0080_A2_004,CT0080,Ofatumumab,0.0,1.2779368157695878,0,0.08164516288558177
CT0090_A1_005,CT0090,Canakinumab,0.0,4.562361934700278,0,0.24068330920216088
CT0090_A1_006,CT0090,Canakinumab,0.0,4.562361934700278,0,0.24068330920216088
CT0090_A1_007,CT0090,Canakinumab,0.0,4.530715783378774,0,0.24200958654805457
CT0090_A1_008,CT0090,Canakinumab,0.0,4.530715783378774,0,0.24200958654805457
CT0090_A1_009,CT0090,Canakinumab,0.0,4.488999394379943,0,0.24942182549062494
CT0090_A1_010,CT0090,Canakinumab,0.0,4.488999394379943,0,0.24942182549062494
CT0090_A1_011,CT0090,Canakinumab,0.0,4.5727702846054745,0,0.2552755374163688
CT0090_A1_012,CT0090,Canakinumab,0.0,4.5727702846054745,0,0.2552755374163688
CT0090_A1_013,CT0090,Canakinumab,0.0,4.511278372477966,0,0.25034852164241994
CT0090_A1_014,CT0090,Canakinumab,0.0,4.511278372477966,0,0.25034852164241994
CT0090_A1_015,CT0090,Canakinumab,0.0,4.580469722280929,0,0.2373678576019499
CT0090_A1_016,CT0090,Canakinumab,0.0,4.580469722280929,0,0.2373678576019499
CT0056_A2_002,CT0056,Reslizumab,8.333333333,38.13206790480633,0,0.4389042319598509
CT0056_A3_002,CT0056,Reslizumab,8.333333333,32.96537739889519,0,0.38167961152650204
CT0101_A1_001,CT0101,Tralokinumab,0.0,4.714263177862077,0,0.1854666715868647
CT0101_A2_001,CT0101,Tralokinumab,0.0,3.651483956266155,0,0.14702169200505022
CT0101_A3_001,CT0101,Tralokinumab,0.0,3.631303054971545,0,0.1386268625852284
CT0115_A1_002,CT0115,Benralizumab,5.7,4.182308803180545,0,0.305768422995525
CT0115_A2_002,CT0115,Benralizumab,13.3,4.146534615493881,1,0.28541098125525444
CT0118_A1_003,CT0118,Tanezumab,0.0,0.8650356815873624,0,0.038117342777737505
CT0118_A1_004,CT0118,Tanezumab,0.0,0.8650356815873624,0,0.03482576769909654
CT0118_A1_005,CT0118,Tanezumab,0.0,0.8716835099810873,0,0.030589150740708088
CT0121_A1_001,CT0121,Infliximab,5.1,14.137133876007887,0,0.473798071948005
CT0121_A1_002,CT0121,Infliximab,5.1,13.648400594921343,0,0.4508619233467475
CT0125_A1_001,CT0125,Omalizumab,0.0,18.886516419919758,0,0.48609806766475505
CT0125_A2_001,CT0125,Omalizumab,0.0,21.19371350653841,0,0.4965825455420977
CT0125_A3_001,CT0125,Omalizumab,0.0,22.447109875369218,0,0.4893569906306929
CT0125_A4_001,CT0125,Omalizumab,0.0,22.855691369229064,0,0.49500542095636796
CT0138_A1_001,CT0138,Panitumumab,0.0,4.946488552407177,0,0.18646422770679302
CT0158_A1_002,CT0158,Ipilimumab,7.692307692,7.185274555617828,0,0.46101775095369646
CT0158_A2_002,CT0158,Ipilimumab,0.0,5.761231041124097,0,0.44062786729127024
CT0158_A3_002,CT0158,Ipilimumab,0.0,3.994112373209297,0,0.4162198686480242
CT0158_A4_002,CT0158,Ipilimumab,0.0,4.344160527940778,0,0.4207453093946611
CT0158_A7_002,CT0158,Ipilimumab,3.125,5.798184196106586,0,0.43275042779645634
CT0158_A1_004,CT0158,Nivolumab,46.15384615,13.26049862109536,1,0.6167372547251792
CT0158_A2_004,CT0158,Nivolumab,58.82352941,11.433318232252164,1,0.605367630600382
CT0158_A3_004,CT0158,Nivolumab,25.0,11.44375798522393,1,0.5776746748809571
CT0158_A4_004,CT0158,Nivolumab,0.0,11.639769564907805,0,0.5649366783030993
CT0158_A8_002,CT0158,Nivolumab,26.66666667,13.103263599937785,1,0.6093915404450484
CT0158_A9_002,CT0158,Nivolumab,8.333333333,11.82765640574354,0,0.5793648544257567
CT0158_A7_004,CT0158,Nivolumab,28.57142857,10.574429627861456,1,0.598374460567367
CT0165_A1_001,CT0165,Cetuximab,4.705882353,3.623419336839213,0,0.12651593529580982
CT0166_A1_001,CT0166,Isatuximab,12.5,7.863457397265952,1,0.32412153869552524
CT0166_A2_001,CT0166,Isatuximab,0.0,3.322668855612093,0,0.30453916630715
CT0166_A3_001,CT0166,Isatuximab,0.0,3.1030900194557054,0,0.27084272716757124
CT0166_A4_001,CT0166,Isatuximab,3.8,3.05091086611969,0,0.2793168702313313
CT0166_A5_001,CT0166,Isatuximab,5.6,3.0233491842350393,0,0.27513261267122746
CT0166_A6_001,CT0166,Isatuximab,16.7,3.1502152843088296,1,0.287689520153419
CT0166_A7_001,CT0166,Isatuximab,16.7,3.1089656422670555,1,0.282338472222531
CT0166_A8_001,CT0166,Isatuximab,14.3,2.940851795490464,1,0.2786030837619129
CT0166_A9_001,CT0166,Isatuximab,0.9,3.1357680213195978,0,0.3248290723421523
CT0166_A10_001,CT0166,Isatuximab,0.0,3.066561916908396,0,0.26420432791132387
CT0167_A1_002,CT0167,Tanezumab,0.0,6.58220392611577,0,0.45104654279537737
CT0167_A1_003,CT0167,Tanezumab,3.2,6.574537259449103,0,0.45134604666140254
CT0167_A1_004,CT0167,Tanezumab,0.0,13.903375431480942,0,0.44820819258895467
CT0188_A1_001,CT0188,Elotuzumab,100.0,4.512165131183043,1,0.34780367415988417
CT0188_A2_001,CT0188,Elotuzumab,0.0,4.210122883998599,0,0.3270479737232859
CT0190_A1_001,CT0190,Bococizumab,0.0,20.138108205700423,0,0.4161569289188578
CT0190_A2_001,CT0190,Bococizumab,7.142857143,11.897843259549528,0,0.4204575822102074
CT0190_A2_002,CT0190,Bococizumab,7.692307692,11.713874081954721,0,0.4212239297764334
CT0190_A2_003,CT0190,Bococizumab,14.28571429,11.52034197950788,1,0.42059875076387854
CT0191_A2_002,CT0191,Ocrelizumab,0.248756219,5.92692414758716,0,0.389813155419273
CT0201_A1_001,CT0201,Reslizumab,5.150214592,6.564345910135623,0,0.32887439440287125
CT0201_A2_001,CT0201,Reslizumab,4.562043796,6.577236020443016,0,0.3278896205050205
CT0201_A1_003,CT0201,Reslizumab,3.141361257,5.841279317946043,0,0.3291611514721132
CT0201_A2_003,CT0201,Reslizumab,2.921348315,5.843277070142987,0,0.32617744940661936
CT0201_A1_004,CT0201,Reslizumab,4.812834225,5.68669441633865,0,0.3537882378155189
CT0201_A2_004,CT0201,Reslizumab,2.834008097,5.734109484287272,0,0.3521811052390111
CT0201_A1_005,CT0201,Reslizumab,7.142857143,6.696625446458464,0,0.3610331706017636
CT0201_A2_005,CT0201,Reslizumab,3.846153846,6.759423201813828,0,0.38125807940400835
CT0201_A1_006,CT0201,Reslizumab,12.5,7.17007371615316,1,0.36834249569156746
CT0201_A2_006,CT0201,Reslizumab,2.083333333,6.829111128062971,0,0.3668773101876101
CT0201_A1_007,CT0201,Reslizumab,2.816901408,6.5365091675731035,0,0.34603585208447507
CT0201_A2_007,CT0201,Reslizumab,1.923076923,6.878016971927296,0,0.3663113249439959
CT0201_A1_008,CT0201,Reslizumab,2.575107296,6.564345910135623,0,0.32887439440287125
CT0201_A2_008,CT0201,Reslizumab,3.119266055,6.577236020443016,0,0.3278896205050205
CT0205_A1_001,CT0205,Canakinumab,0.0,10.980270361942797,0,0.3820280207635193
CT0220_A2_002,CT0220,Ocrelizumab,0.49382716,5.92692414758716,0,0.39000582280571894
CT0229_A1_001,CT0229,Ixekizumab,12.5,11.320799254354544,1,0.5689524957667759
CT0229_A2_001,CT0229,Ixekizumab,10.3,11.320799254354544,1,0.5689524957667759
CT0232_A1_001,CT0232,Nonacog alfa,0.0,12.371767334445698,0,0.37565782109770157
CT0245_A1_001,CT0245,Ixekizumab,14.1,11.24495369979216,1,0.5698805510711326
CT0245_A2_001,CT0245,Ixekizumab,10.4,11.272113121847921,1,0.5690006244071814
CT0410_A2_001,CT0410,Tocilizumab,2.9,6.6051775427383035,0,0.34798751386328025
CT0267_A1_001,CT0267,Tocilizumab,0.0,14.948898099038466,0,0.3395165756919854
CT0293_A1_001,CT0293,Obiltoxaximab,8.6,8.347582002364412,0,0.2537400919515883
CT0293_A2_001,CT0293,Obiltoxaximab,2.9,8.347582002364412,0,0.2537400919515883
CT0294_A2_001,CT0294,Obiltoxaximab,0.0,10.423004717899868,0,0.32451637306270875
CT0294_A3_001,CT0294,Obiltoxaximab,0.0,10.213306411482357,0,0.30990968883873143
CT0294_A4_001,CT0294,Obiltoxaximab,0.0,9.624452974596649,0,0.300445939410892
CT0294_A5_001,CT0294,Obiltoxaximab,0.0,9.683915959681263,0,0.300445939410892
CT0294_A6_001,CT0294,Obiltoxaximab,0.0,9.61400811654401,0,0.29836208231991174
CT0305_A1_001,CT0305,Bococizumab,49.7,41.50438013052431,1,0.7868967548575789
CT0319_A1_001,CT0319,Tocilizumab,3.6,15.809742717053574,0,0.3111570284307322
CT0320_A1_001,CT0320,Atezolizumab,30.4,26.045020650128173,1,0.7862615478740151
CT0330_A1_004,CT0330,Bococizumab,24.0,21.406300514036822,1,0.6105791736191383
CT0330_A2_004,CT0330,Bococizumab,24.0,21.406300514036822,1,0.6105791736191383
CT0330_A3_004,CT0330,Bococizumab,44.0,21.406300514036822,1,0.6105791736191383
CT0347_A1_002,CT0347,Durvalumab,1.9,6.362938645187156,0,0.47463194285121335
CT0358_A2_001,CT0358,Galcanezumab,7.7,7.6268238126098735,0,0.48171697095728955
CT0358_A3_001,CT0358,Galcanezumab,4.6,7.496021712006776,0,0.4784111654569467
CT0358_A4_001,CT0358,Galcanezumab,2.9,7.114761982897809,0,0.4532966756416324
CT0358_A5_001,CT0358,Galcanezumab,3.1,5.935760163266758,0,0.3883070911462811
CT0360_A1_001,CT0360,Brodalumab,0.0,5.595493731407411,0,0.43544524456700323
CT0360_A2_001,CT0360,Brodalumab,0.0,5.515128051911745,0,0.4300710938027997
CT0363_A1_002,CT0363,Tralokinumab,1.2,9.859281237364785,0,0.3861377061551328
CT0366_A1_001,CT0366,Moxetumomab pasudotox,56.52173913,40.55245850422986,1,0.60099198895924
CT0343_A1_001,CT0343,Adalimumab,32.3,57.54563283182074,1,0.8180378801350221
CT0343_A2_001,CT0343,Adalimumab,34.2,56.16535359309699,1,0.8180378801350221
CT0372_A1_001,CT0372,Vobarilizumab,11.3,32.51938470941059,1,0.5142659533400445
CT0372_A2_001,CT0372,Vobarilizumab,40.3,32.51938470941059,1,0.5142659533400445
CT0372_A3_001,CT0372,Vobarilizumab,41.3,31.39702476366303,1,0.46733124426674094
CT0376_A1_001,CT0376,Ramucirumab,1.238390093,2.9031031496773454,0,0.12059952411719332
CT0056_A1_002,CT0056,Reslizumab,0.0,38.13206790480633,0,0.4389042319598509
CT0080_A1_001,CT0080,Ofatumumab,0.0,1.3523125889207088,0,0.08279618286339456
CT0080_A2_001,CT0080,Ofatumumab,0.0,1.295300910815606,0,0.08420002960530629
CT0383_A1_002,CT0383,Pembrolizumab,3.4,8.149233208838186,0,0.48745910558156796
CT0118_A1_002,CT0118,Tanezumab,0.0,1.107940443492125,0,0.03793022573627689
CT0390_A1_001,CT0390,Evolocumab,0.0,23.81930426866718,0,0.3696299328094312
CT0391_A1_001,CT0391,Blinatumomab,0.0,5.621478017562476,0,0.2768319809938873
CT0263_A1_001,CT0263,Adalimumab,14.0,11.620793135466732,1,0.5457458074735001
CT0263_A2_001,CT0263,Adalimumab,16.0,11.620793135466732,1,0.5457458074735001
CT0395_A1_002,CT0395,Atezolizumab,24.3,25.02055851164504,1,0.8503487078609047
CT0407_A1_002,CT0407,Imalumab,0.0,20.468129683241813,0,0.3320675288114342
CT0407_A2_002,CT0407,Imalumab,0.0,20.63092700112205,0,0.35565902036477803
CT0407_A3_002,CT0407,Imalumab,0.0,20.49540894199506,0,0.33782175173989654
CT0407_A4_002,CT0407,Imalumab,5.6,20.29880815237019,0,0.36265923550987345
CT0407_A5_002,CT0407,Imalumab,0.0,20.15107038785462,0,0.34288212543984553
CT0407_A7_002,CT0407,Imalumab,0.0,20.286509529836117,0,0.3707778433479188
CT0410_A2_002,CT0410,Tocilizumab,2.9,6.842189668908274,0,0.4344081058347938
CT0410_A2_003,CT0410,Tocilizumab,0.0,15.661918633703268,0,0.5431176779068096
CT0414_A1_001,CT0414,Adalimumab,44.4,54.470928656457936,1,0.8584235303089577
CT0424_A1_002,CT0424,Cabiralizumab,0.0,6.796573089621079,0,0.3520883474270271
CT0424_A2_002,CT0424,Cabiralizumab,12.5,3.9920127519816258,1,0.3390665256323678
CT0424_A3_002,CT0424,Cabiralizumab,0.0,4.011009669400367,0,0.3195164503438672
CT0424_A4_002,CT0424,Cabiralizumab,0.0,7.924517817509723,0,0.3668889069278068
CT0424_A5_002,CT0424,Cabiralizumab,0.0,6.796573089621079,0,0.3520883474270271
CT0424_A6_002,CT0424,Cabiralizumab,10.4,5.590016548406784,1,0.3338627367429883
CT0424_A7_002,CT0424,Cabiralizumab,0.0,4.394591801172737,0,0.3311609844219818
CT0424_A8_002,CT0424,Cabiralizumab,33.3,3.8347575375790144,1,0.33735549380733026
CT0424_A4_004,CT0424,Nivolumab,33.3,13.169424542490324,1,0.5577380614121357
CT0424_A5_004,CT0424,Nivolumab,0.0,12.591876244360144,0,0.5481886190488992
CT0424_A6_004,CT0424,Nivolumab,22.9,8.474328663980243,1,0.4896945847697386
CT0424_A7_004,CT0424,Nivolumab,16.7,11.096752396432159,1,0.5240010909055668
CT0424_A8_004,CT0424,Nivolumab,33.3,11.05757857803389,1,0.5398348185501688
CT0425_A3_001,CT0425,Tanezumab,13.0,40.96648225634055,1,0.4531416653740712
CT0425_A1_002,CT0425,Tanezumab,10.1,21.339270322666504,1,0.4275241462012607
CT0425_A3_002,CT0425,Tanezumab,15.9,43.84814566329389,1,0.4589307194497612
CT0425_A1_003,CT0425,Tanezumab,13.5,22.772988608914456,1,0.4361442945162136
CT0425_A3_003,CT0425,Tanezumab,21.1,43.349480889184186,1,0.49020862873852084
CT0425_A1_004,CT0425,Tanezumab,16.1,23.05849323829465,1,0.4688340837360661
CT0425_A3_004,CT0425,Tanezumab,20.6,43.37848544218159,1,0.48768715902481213
CT0425_A1_005,CT0425,Tanezumab,17.6,23.010877476900205,1,0.46434160759705617
CT0425_A3_005,CT0425,Tanezumab,18.8,43.878696729707116,1,0.48832796707819465
CT0425_A1_006,CT0425,Tanezumab,16.0,23.435687634953574,1,0.46570675254327054
CT0425_A3_006,CT0425,Tanezumab,16.4,43.999729051820246,1,0.4866873444788327
CT0425_A1_007,CT0425,Tanezumab,15.4,23.595847330360854,1,0.46642955444578993
CT0425_A3_007,CT0425,Tanezumab,12.1,44.137215834153494,1,0.4776609985940367
CT0425_A1_008,CT0425,Tanezumab,10.9,23.3079950906409,1,0.46108221557219103
CT0430_A1_002,CT0430,Atezolizumab,14.3,30.92034463477185,1,0.6770046605456583
CT0431_A1_002,CT0431,Durvalumab,4.5,7.058879179669726,0,0.4571998705490469
CT0431_A2_002,CT0431,Durvalumab,1.6,6.680664307665196,0,0.3911113780270695
CT0431_A1_007,CT0431,Tremelimumab,14.0,9.05152822163726,1,0.5726318172758781
CT0431_A2_007,CT0431,Tremelimumab,1.6,7.841007608131306,0,0.4996605370639664
CT0414_A3_001,CT0414,Adalimumab,50.7,29.655435718910677,1,0.737039634185251
CT0394_A1_001,CT0394,Adalimumab,61.6,60.00331897583024,1,0.8168549626233437
CT0394_A1_002,CT0394,Adalimumab,53.0,60.88147292958454,1,0.8152677490878263
CT0394_A1_003,CT0394,Adalimumab,50.3,60.93373460798696,1,0.8121942463156904
CT0446_A1_001,CT0446,Infliximab,0.45,29.075015227960982,0,0.6640864843450056
CT0446_A2_001,CT0446,Infliximab,0.0,20.579713118928805,0,0.6204025969280231
CT0447_A1_003,CT0447,Ranibizumab,0.9,18.429038997918557,0,0.521179315991933
CT0447_A2_003,CT0447,Ranibizumab,0.9,9.357291876961835,0,0.4694422281898646
CT0447_A1_004,CT0447,Ranibizumab,0.4,19.386439417483412,0,0.5386651278108184
CT0447_A2_004,CT0447,Ranibizumab,0.9,9.186754954252619,0,0.47913269912190637
CT0447_A1_005,CT0447,Ranibizumab,2.7,20.35872190154678,0,0.5767535893865257
CT0447_A2_005,CT0447,Ranibizumab,2.7,9.409976541095897,0,0.5104839380280203
CT0447_A1_006,CT0447,Ranibizumab,3.9,22.04637857612184,0,0.6048314225138902
CT0447_A2_006,CT0447,Ranibizumab,5.3,9.164928032207559,0,0.5239365675332488
CT0449_A2_001,CT0449,Galcanezumab,3.47,8.081728513721155,0,0.39703672656124644
CT0449_A3_001,CT0449,Galcanezumab,5.16,8.068121902003721,0,0.3947950606265099
CT0447_A1_002,CT0447,Ranibizumab,0.0,19.144557970090105,0,0.39953890608878073
CT0447_A2_002,CT0447,Ranibizumab,0.0,8.006866688752334,0,0.42596287406701006
CT0454_A1_005,CT0454,Obinutuzumab,0.0,7.8159879024271355,0,0.23634183688609292
CT0454_A1_007,CT0454,Atezolizumab,0.0,8.521766824894712,0,0.33779892660595723
CT0454_A1_010,CT0454,Atezolizumab,0.0,8.710509237683949,0,0.34729093173563447
CT0454_A1_011,CT0454,Atezolizumab,0.0,7.123512519849442,0,0.35701498023246453
CT0454_A1_012,CT0454,Atezolizumab,0.0,7.244590317326907,0,0.3671881556401917
CT0454_A1_013,CT0454,Atezolizumab,0.0,7.234543557969007,0,0.3810317877274772
CT0454_A1_014,CT0454,Atezolizumab,0.0,14.868377296963109,0,0.43283631281594676
CT0454_A1_017,CT0454,Atezolizumab,0.0,7.183771381914768,0,0.37773298120585164
CT0454_A2_005,CT0454,Obinutuzumab,0.0,7.851719057111231,0,0.2442015217033658
CT0454_A1_002,CT0454,Obinutuzumab,0.0,10.017956883150518,0,0.23737967535098037
CT0454_A2_007,CT0454,Obinutuzumab,0.0,8.762212655824131,0,0.22215877865007957
CT0454_A2_010,CT0454,Obinutuzumab,0.0,8.769495560302571,0,0.2259315732125965
CT0454_A2_011,CT0454,Obinutuzumab,0.0,7.161425842744931,0,0.23170175156992806
CT0454_A2_012,CT0454,Obinutuzumab,0.0,6.856824217880942,0,0.23472202019094393
CT0454_A2_013,CT0454,Obinutuzumab,0.0,6.637996736477933,0,0.23529528669847527
CT0454_A2_014,CT0454,Obinutuzumab,0.0,6.647184857120166,0,0.23146912053980515
CT0454_A2_016,CT0454,Obinutuzumab,0.0,7.8159879024271355,0,0.2382108322419627
CT0454_A1_009,CT0454,Atezolizumab,0.0,8.469164131292018,0,0.34061725595871006
CT0394_A3_001,CT0394,Adalimumab,63.9,43.422594310948234,1,0.6769964259069694
CT0394_A3_002,CT0394,Adalimumab,58.3,43.447078822400826,1,0.6719901702565919
CT0394_A3_003,CT0394,Adalimumab,58.0,43.54286954280736,1,0.6608041718452385
CT0394_A5_001,CT0394,Adalimumab,62.0,63.40378336988319,1,0.7513792872355848
CT0394_A5_002,CT0394,Adalimumab,52.4,67.81768452114635,1,0.7492259784980742
CT0394_A5_003,CT0394,Adalimumab,49.0,68.11080823002335,1,0.737434514619203
CT0394_A7_001,CT0394,Adalimumab,58.0,35.682071931282486,1,0.7411037616951959
CT0394_A7_002,CT0394,Adalimumab,50.0,35.65582317622584,1,0.7359613464467192
CT0394_A7_003,CT0394,Adalimumab,50.3,35.2530560036882,1,0.7336882927161993
CT0462_A2_001,CT0462,Ixekizumab,2.469135802,8.828143168367532,0,0.5607349264556064
CT0462_A3_001,CT0462,Ixekizumab,2.409638554,8.807553568445487,0,0.5607349264556064
CT0454_A2_002,CT0454,Obinutuzumab,0.0,8.879853062510968,0,0.22442236527097384
CT0454_A2_009,CT0454,Obinutuzumab,0.0,8.872432443212189,0,0.22272590658631955
CT0466_A1_001,CT0466,Ramucirumab,4.054054054,2.666952153570705,0,0.07371357687589654
CT0454_A1_006,CT0454,Atezolizumab,0.0,8.5695048463441,0,0.3443095128838825
CT0454_A1_008,CT0454,Atezolizumab,0.0,8.469164131292018,0,0.34061725595871006
CT0454_A2_006,CT0454,Obinutuzumab,0.0,9.758012659948516,0,0.22492262345434336
CT0454_A2_008,CT0454,Obinutuzumab,0.0,9.307855879609932,0,0.22492262345434336
CT0487_A1_002,CT0487,Rituximab,0.7,8.756477926896942,0,0.4668880542013029
CT0487_A2_002,CT0487,Rituximab,0.0,6.139239892438973,0,0.3426129312490347
CT0487_A1_003,CT0487,Rituximab,3.5,8.756477926896942,0,0.4682702606087122
CT0487_A2_003,CT0487,Rituximab,1.3,6.149033152512234,0,0.343799097320669
CT0487_A1_004,CT0487,Rituximab,1.4,8.562722256796945,0,0.4668880542013029
CT0487_A2_004,CT0487,Rituximab,0.0,6.140009600841319,0,0.343799097320669
CT0487_A1_005,CT0487,Rituximab,1.4,8.756477926896942,0,0.4682702606087122
CT0487_A2_005,CT0487,Rituximab,0.0,6.14053981600284,0,0.343799097320669
CT0487_A1_006,CT0487,Rituximab,2.1,8.756477926896942,0,0.4682702606087122
CT0487_A2_006,CT0487,Rituximab,0.0,6.14053981600284,0,0.34496124140243994
CT0487_A1_007,CT0487,Rituximab,5.1,8.756477926896942,0,0.4664963642137993
CT0487_A2_007,CT0487,Rituximab,2.7,6.140009600841319,0,0.343799097320669
CT0487_A1_008,CT0487,Rituximab,7.4,8.756477926896942,0,0.4664963642137993
CT0487_A2_008,CT0487,Rituximab,11.0,6.14053981600284,1,0.343799097320669
CT0492_A1_001,CT0492,Dupilumab,5.405405405,6.237200694100998,0,0.26959884392457995
CT0492_A2_001,CT0492,Dupilumab,12.16216216,6.237200694100998,1,0.26959884392457995
CT0493_A2_002,CT0493,Atezolizumab,13.3,27.79282941544364,1,0.7179625605594678
CT0494_A2_001,CT0494,Dupilumab,15.4,6.161498643523071,1,0.26986002435245315
CT0497_A1_001,CT0497,Atezolizumab,0.0,16.953916762176583,0,0.45974272091145774
CT0497_A2_001,CT0497,Atezolizumab,0.0,16.953916762176583,0,0.45974272091145774
CT0497_A3_001,CT0497,Atezolizumab,0.0,17.09659843072138,0,0.5098844536875473
CT0497_A4_001,CT0497,Atezolizumab,0.0,17.391867099566657,0,0.509262738188759
CT0511_A1_001,CT0511,Bezlotoxumab,5.4,51.03290705100348,0,0.2509857481787541
CT0514_A1_001,CT0514,Secukinumab,0.0,13.250390678958627,0,0.3679621526015035
CT0514_A2_001,CT0514,Secukinumab,0.0,17.802958115318805,0,0.3845098200858375
CT0525_A1_001,CT0525,Golimumab,2.4,8.839041886184146,0,0.3350683201845692
CT0525_A1_002,CT0525,Golimumab,0.0,8.42444029772451,0,0.32962362353172625
CT0539_A1_001,CT0539,Atezolizumab,5.3,18.83610070595179,0,0.5572199167225914
CT0539_A2_001,CT0539,Atezolizumab,52.6,18.83610070595179,1,0.5572199167225914
CT0539_A3_001,CT0539,Atezolizumab,35.3,18.856383203729234,1,0.5555622085353203
CT0539_A4_001,CT0539,Atezolizumab,50.0,18.710154477867658,1,0.5505059555329377
CT0539_A5_001,CT0539,Atezolizumab,0.0,18.518143053658303,0,0.5072517754276976
CT0539_A6_001,CT0539,Atezolizumab,100.0,18.518143053658303,1,0.5072517754276976
CT0544_A1_001,CT0544,Bevacizumab,5.3,7.447296477305286,0,0.30135620585851774
CT0544_A2_001,CT0544,Bevacizumab,5.3,6.6265565007085945,0,0.25188484526135235
CT0544_A3_001,CT0544,Bevacizumab,2.6,6.6265565007085945,0,0.25188484526135235
CT0549_A1_001,CT0549,Vedolizumab,37.5,2.4775714575648933,1,0.21793034571277928
CT0554_A1_001,CT0554,Tralokinumab,0.8,3.6960964251586073,0,0.22620343753272887
CT0554_A3_001,CT0554,Tralokinumab,0.0,3.096842685507269,0,0.19922815310075648
CT0554_A4_001,CT0554,Tralokinumab,3.1,3.096842685507269,0,0.19922815310075648
CT0554_A5_001,CT0554,Tralokinumab,0.0,3.187326413906255,0,0.19647626053294615
CT0554_A6_001,CT0554,Tralokinumab,3.9,3.219964199107219,0,0.19633067648072103
CT0567_A1_002,CT0567,Ofatumumab,0.8,6.932784111007018,0,0.33793253160389514
CT0567_A1_003,CT0567,Ofatumumab,0.0,6.598230055702627,0,0.3357731370252815
CT0567_A1_004,CT0567,Ofatumumab,0.8,6.579336227765234,0,0.344787194959178
CT0567_A1_005,CT0567,Ofatumumab,0.8,8.499250610920283,0,0.4057114656918723
CT0567_A2_002,CT0567,Ofatumumab,0.0,7.024344783133857,0,0.3400132909996109
CT0567_A2_003,CT0567,Ofatumumab,0.8,6.598230055702627,0,0.33649044065501066
CT0567_A2_004,CT0567,Ofatumumab,0.0,6.579336227765234,0,0.340854628680445
CT0567_A2_005,CT0567,Ofatumumab,3.8,8.532589060824902,0,0.4057114656918723
CT0567_A3_002,CT0567,Ofatumumab,0.0,6.36469614482887,0,0.22546813851348357
CT0567_A3_003,CT0567,Ofatumumab,0.0,6.09191221682514,0,0.22571174802310642
CT0567_A3_004,CT0567,Ofatumumab,0.0,6.539368341101462,0,0.234760738617882
CT0567_A3_005,CT0567,Ofatumumab,0.0,9.000094316485074,0,0.31277065856358816
CT0567_A4_002,CT0567,Ofatumumab,0.0,6.36469614482887,0,0.22546813851348357
CT0567_A4_003,CT0567,Ofatumumab,0.0,6.09191221682514,0,0.22571174802310642
CT0567_A4_004,CT0567,Ofatumumab,0.0,6.193604602917872,0,0.234760738617882
CT0567_A4_005,CT0567,Ofatumumab,7.7,9.000094316485074,0,0.31277065856358816
CT0570_A3_001,CT0570,Sarilumab,7.1,12.92817352504707,0,0.38867305312205563
CT0570_A4_001,CT0570,Sarilumab,0.0,8.36831057330341,0,0.3070187073913772
CT0575_A1_001,CT0575,Isatuximab,8.0,3.860708369266798,0,0.14155009890446735
CT0575_A2_001,CT0575,Isatuximab,0.0,3.9469028938689665,0,0.14155009890446735
CT0575_A3_001,CT0575,Isatuximab,5.882352941,3.43907261318012,0,0.12095333118152758
CT0575_A4_001,CT0575,Isatuximab,3.333333333,3.521003915093879,0,0.12318417579148014
CT0575_A1_003,CT0575,Atezolizumab,8.0,17.017950743814236,0,0.39710854096174764
CT0575_A2_003,CT0575,Atezolizumab,8.0,17.10984876981688,0,0.39913246832388516
CT0575_A3_003,CT0575,Atezolizumab,5.882352941,13.251958136746953,0,0.32250346182340317
CT0575_A4_003,CT0575,Atezolizumab,0.0,5.002173385894077,0,0.32114848237717664
CT0576_A1_001,CT0576,Avelumab,41.4,15.274771139859489,1,0.5944536015874717
CT0583_A1_001,CT0583,Durvalumab,3.8,6.266790160465107,0,0.43344642727269067
CT0583_A2_001,CT0583,Durvalumab,3.1,6.641776179140314,0,0.526214557120579
CT0590_A1_001,CT0590,Ixekizumab,0.0,16.184170915469767,0,0.5490094283589944
CT0590_A2_001,CT0590,Ixekizumab,0.0,16.184170915469767,0,0.5631482264897795
CT0600_A2_001,CT0600,Dupilumab,9.2,5.443907531671619,0,0.23359063768978042
CT0414_A1_002,CT0414,Adalimumab,47.3,52.24490887247962,1,0.8626316100830272
CT0414_A4_001,CT0414,Adalimumab,54.5,28.151424800018443,1,0.7257365711092945
CT0414_A6_001,CT0414,Adalimumab,45.9,54.90210578987873,1,0.8635161019749485
CT0694_A1_001,CT0694,Adalimumab,18.0,20.54724071337051,1,0.693526528010692
CT0603_A1_001,CT0603,Bevacizumab,0.0,6.330003850656575,0,0.2532623676551085
CT0603_A2_001,CT0603,Bevacizumab,4.166666667,5.584068832425913,0,0.20839311631502708
CT0609_A1_001,CT0609,Tralokinumab,0.0,3.2550899206455015,0,0.2617462340758288
CT0710_A1_002,CT0710,Moxetumomab pasudotox,58.0,65.97312860740018,1,0.8276824624056757
CT0710_A1_003,CT0710,Moxetumomab pasudotox,61.0,65.75910191400142,1,0.8271061271850092
CT0710_A1_004,CT0710,Moxetumomab pasudotox,68.0,64.20392723366358,1,0.8243322747948769
CT0710_A1_005,CT0710,Moxetumomab pasudotox,74.0,63.247013212880425,1,0.8221026133577496
CT0613_A1_001,CT0613,Alglucosidase alfa,78.7,54.34052220743508,1,0.759845615264145
CT0670_A1_002,CT0670,Denileukin difitox,94.0,67.634714072696,1,0.856690039238091
CT0670_A1_003,CT0670,Denileukin difitox,99.0,67.59594931661874,1,0.8540961758430305
CT0670_A1_004,CT0670,Denileukin difitox,100.0,67.35800463556552,1,0.8552211944691667
CT0623_A1_001,CT0623,Evolocumab,0.0,2.421302488550818,0,0.24025292106836535
CT0623_A2_001,CT0623,Evolocumab,0.0,1.1383004782228678,0,0.16043567189225585
CT0636_A1_001,CT0636,Pembrolizumab,0.7,10.673975209663213,0,0.5591007684700477
CT0683_A1_001,CT0683,Dupilumab,5.0,8.16502031819231,0,0.4101689785065893
CT0683_A2_001,CT0683,Dupilumab,9.0,8.497295630893658,0,0.435169971707539
CT0683_A3_001,CT0683,Dupilumab,16.0,6.496447943874055,1,0.4070229577359859
CT0650_A1_001,CT0650,Trastuzumab emtansine,0.0,2.679488581696068,0,0.28664643221181346
CT0652_A1_001,CT0652,Brentuximab vedotin,38.70967741935484,5.983229276456626,1,0.33920948790398536
CT0652_A2_001,CT0652,Brentuximab vedotin,19.23076923076923,6.510111820240196,1,0.3444611979004426
CT0684_A1_001,CT0684,Infliximab,5.4,30.463652629623095,0,0.8803731291792976
CT0754_A1_001,CT0754,Infliximab,0.9,20.417159832863646,0,0.8234753202379153
CT0754_A2_001,CT0754,Infliximab,14.6,28.56720916593623,1,0.8818215190720684
CT0343_A1_002,CT0343,Adalimumab,21.8,55.066766442672886,1,0.8073068221687707
CT0343_A2_002,CT0343,Adalimumab,14.8,53.678202549272214,1,0.8073068221687707
CT0414_A2_001,CT0414,Adalimumab,46.5,52.62195422299882,1,0.8556413487644972
CT0414_A5_001,CT0414,Adalimumab,54.2,57.04622812000893,1,0.8268125953578844
CT0414_A7_001,CT0414,Adalimumab,46.8,55.10586240954212,1,0.8490205737762512
CT0394_A2_001,CT0394,Adalimumab,52.6,56.17475681620212,1,0.7923643691516713
CT0394_A4_001,CT0394,Adalimumab,55.2,65.14950763613328,1,0.7095021430686725
CT0394_A6_001,CT0394,Adalimumab,46.3,65.13074141332662,1,0.708782460476059
CT0394_A8_001,CT0394,Adalimumab,42.4,56.17475681620212,1,0.7906737896833141
CT0729_A1_001,CT0729,Etanercept,15.2,8.992132965137413,1,0.3843791651862803
CT0734_A1_001,CT0734,Ustekinumab,5.4,8.724662562929868,0,0.44859415805340336
