column,dtype,missing_n,missing_percent,unique_n
half_life_extension_partner,str,2608,99.88510149368058,1
record_dependency_note,str,2607,99.84680199157411,2
record_review_note,str,2593,99.31060896208349,7
target_correction_note,str,2529,96.85944082726925,5
moa_review_note,str,2445,93.64228265032554,1
ada_impact_efficacy,str,2415,92.49329758713137,4
ada_impact_pk,str,2415,92.49329758713137,6
progeny_of,str,2326,89.08464189965531,12
ada_assay_sensitivity,str,1967,75.33512064343164,154
fc_modifications,str,1820,69.70509383378017,13
fc_modifications_clean,str,1820,69.70509383378017,12
coadministered_drugs,str,1761,67.44542320949827,200
ada_assay,str,1290,49.40635771734968,267
heavy_chain_sequence,str,615,23.554193795480657,69
light_chain_sequence,str,615,23.554193795480657,68
chain_descriptors,str,587,22.481807736499427,2
full_protein_sequence,str,587,22.481807736499427,74
log_total_sequence_length,float64,587,22.481807736499427,32
max_chain_length,float64,587,22.481807736499427,29
n_sequence_chains,float64,587,22.481807736499427,2
n_unique_sequences,float64,587,22.481807736499427,2
sequence_ids,str,587,22.481807736499427,74
total_sequence_length,float64,587,22.481807736499427,32
therapeutic_comparator,str,563,21.56261968594408,3
randomized_or_not,str,528,20.222137112217542,2
dose_mg_extracted,float64,525,20.10723860589812,103
log_dose_mg_extracted,float64,525,20.10723860589812,103
sequence_verified,str,293,11.221754117196477,2
trial_blinding,str,243,9.306779011872845,4
prospective_or_retrospective,str,221,8.464189965530448,2
dosing_schedule_description,str,185,7.085407889697434,1202
patient_population,str,38,1.4553810800459595,673
ada_count_delta_pp,float64,10,0.38299502106472616,1039
ada_count_rate_percent,float64,10,0.38299502106472616,981
log_n_ada_assessed,float64,10,0.38299502106472616,440
n_ada_assessed,float64,10,0.38299502106472616,440
dosing_description,str,1,0.038299502106472615,1488
ada_assay_missing,int64,0,0.0,2
ada_assay_platform,str,0,0.0,9
ada_assay_sensitivity_missing,int64,0,0.0,2
ada_count_consistency_status,str,0,0.0,3
ada_frequency_percent,float64,0,0.0,726
ada_high_10,int64,0,0.0,2
antibody_backbone,str,0,0.0,9
antibody_backbone_clean,str,0,0.0,9
assessment_days,int64,0,0.0,291
assessment_weeks,float64,0,0.0,291
binomial_count_model_eligible,bool,0,0.0,2
comedication_missing,int64,0,0.0,2
conjugate_modification,str,0,0.0,6
conjugate_modification_clean,str,0,0.0,5
disease_category_clean,str,0,0.0,13
disease_indication_category,str,0,0.0,13
disease_indication_description,str,0,0.0,344
dose_mg_missing,int64,0,0.0,2
expression_system,str,0,0.0,6
external_source_id,object,0,0.0,680
external_source_id_original,object,0,0.0,681
has_coadministered_drugs,int64,0,0.0,2
idc_row_id,str,0,0.0,2611
idc_row_id_original,str,0,0.0,2602
labelled_as_biosimilar,str,0,0.0,2
light_chain,str,0,0.0,5
light_chain_clean,str,0,0.0,4
log_assessment_days,float64,0,0.0,291
mechanism_of_action,str,0,0.0,96
mechanism_of_action_reviewed,str,0,0.0,97
moa_classification_source,str,0,0.0,4
moa_group,str,0,0.0,15
moa_review_flag,bool,0,0.0,2
model_split_group,str,0,0.0,680
modeling_include,bool,0,0.0,1
modeling_ready,bool,0,0.0,1
molecule_inn_name,str,0,0.0,110
protein_modality,str,0,0.0,12
record_review_status,str,0,0.0,2
route,str,0,0.0,5
route_clean,str,0,0.0,5
route_is_iv,int64,0,0.0,2
route_is_sc,int64,0,0.0,2
sequence_available,int64,0,0.0,2
source_excel_row,int64,0,0.0,2611
species,str,0,0.0,5
target,str,0,0.0,75
target_clean,str,0,0.0,74
target_correction_flag,bool,0,0.0,2
target_group,str,0,0.0,16
therapeutic_id,str,0,0.0,137
therapeutic_trade_name,str,0,0.0,132
trial_id,str,0,0.0,680
trial_id_original,str,0,0.0,680
