outcome,transformed_feature,mean_abs_shap,raw_feature
continuous,cat__therapeutic_comparator_Active controls,2.9585611721298957,therapeutic_comparator
continuous,cat__route_clean_Subcutaneous,1.9464025724889464,route_clean
continuous,cat__target_group_Cytokine/immune mediator,1.6735673784087617,target_group
continuous,cat__route_clean_Intravenous,1.657510596891948,route_clean
continuous,cat__labelled_as_biosimilar_No,1.447438928069237,labelled_as_biosimilar
continuous,cat__labelled_as_biosimilar_Yes,1.1931621048107515,labelled_as_biosimilar
continuous,cat__disease_category_clean_Metabolic and endocrine disorders,1.1480586941374706,disease_category_clean
continuous,num__log_dose_mg_extracted,1.0034279872594516,log_dose_mg_extracted
continuous,num__log_assessment_days,0.9508978529653314,log_assessment_days
continuous,cat__antibody_backbone_clean_Not applicable,0.732261381385123,antibody_backbone_clean
continuous,cat__species_Chimeric,0.7182004496788018,species
continuous,num__dose_mg_missing,0.7113834337506666,dose_mg_missing
continuous,num__log_n_ada_assessed,0.6411689735953391,log_n_ada_assessed
continuous,num__max_chain_length,0.5982037372514007,max_chain_length
continuous,num__log_total_sequence_length,0.5872262609817537,log_total_sequence_length
continuous,cat__trial_blinding_Open Label,0.5308336301417244,trial_blinding
continuous,cat__prospective_or_retrospective_Prospective,0.49833548480763523,prospective_or_retrospective
continuous,cat__prospective_or_retrospective_Missing,0.4455936360540031,prospective_or_retrospective
continuous,cat__moa_group_Receptor agonism,0.4256645277342292,moa_group
continuous,num__ada_assay_sensitivity_missing,0.40909645560120506,ada_assay_sensitivity_missing
continuous,cat__species_Bacterial,0.389541146455461,species
continuous,cat__target_group_Immune checkpoint/co-stimulation,0.35693351412696506,target_group
continuous,cat__trial_blinding_Missing,0.35240721609629666,trial_blinding
continuous,cat__disease_category_clean_Inflammation and autoimmunity,0.28267717832435985,disease_category_clean
continuous,cat__target_group_Cytokine receptor,0.27773469168211234,target_group
continuous,cat__target_group_Metabolic/lipid regulator,0.2709048929433931,target_group
continuous,cat__disease_category_clean_Cardiovascular,0.26057514043089625,disease_category_clean
continuous,cat__ada_assay_platform_Multiple platforms,0.2468201058854027,ada_assay_platform
continuous,cat__protein_modality_Immunotoxin,0.2420337355670416,protein_modality
continuous,cat__ada_assay_platform_Platform unclear,0.21653268664649417,ada_assay_platform
continuous,cat__randomized_or_not_Randomized,0.21599080256496142,randomized_or_not
continuous,cat__species_Human,0.2134815463822658,species
continuous,cat__target_group_Metabolic substrate,0.21065282707591237,target_group
continuous,cat__moa_group_Immune checkpoint blockade,0.20042308357222444,moa_group
continuous,cat__therapeutic_comparator_Missing,0.18654796187449718,therapeutic_comparator
continuous,cat__antibody_backbone_clean_Human IgG4,0.17971729233843903,antibody_backbone_clean
continuous,cat__randomized_or_not_Not Randomized,0.17535887602046898,randomized_or_not
continuous,cat__disease_category_clean_Cancer and neoplasms,0.1626159135261255,disease_category_clean
continuous,cat__protein_modality_infrequent_sklearn,0.14933771284124664,protein_modality
continuous,cat__trial_blinding_Double,0.14147567493366947,trial_blinding
continuous,cat__species_Humanized,0.1294192351648731,species
continuous,cat__therapeutic_comparator_Parallel Assignment,0.12087779246108468,therapeutic_comparator
continuous,cat__therapeutic_comparator_Placebo/Sham,0.10744444469042531,therapeutic_comparator
continuous,num__ada_assay_missing,0.10534925929716815,ada_assay_missing
continuous,cat__conjugate_modification_clean_Not applicable,0.09477854623011857,conjugate_modification_clean
continuous,cat__ada_assay_platform_Not reported,0.0946159551426316,ada_assay_platform
continuous,cat__moa_group_Ligand neutralization,0.09093448438985167,moa_group
continuous,cat__randomized_or_not_Missing,0.08925490160025683,randomized_or_not
continuous,cat__trial_blinding_Triple,0.08838149066668248,trial_blinding
continuous,num__sequence_available,0.08259451461481793,sequence_available
continuous,cat__antibody_backbone_clean_Human IgG1,0.0818779429923215,antibody_backbone_clean
continuous,cat__target_group_Growth factor/oncogenic pathway,0.07790766967052914,target_group
continuous,cat__ada_assay_platform_ELISA,0.0759469685808931,ada_assay_platform
continuous,num__has_coadministered_drugs,0.07523907010222847,has_coadministered_drugs
continuous,cat__conjugate_modification_clean_PEG conjugate,0.07282687590037126,conjugate_modification_clean
continuous,num__comedication_missing,0.07258071932071074,comedication_missing
continuous,cat__disease_category_clean_Neurological,0.06875617854531717,disease_category_clean
continuous,cat__disease_category_clean_Unspecified,0.06862339893276115,disease_category_clean
continuous,cat__light_chain_clean_Not applicable,0.06423953302697641,light_chain_clean
continuous,cat__antibody_backbone_clean_scFv,0.06136965584243053,antibody_backbone_clean
continuous,cat__ada_assay_platform_Other ligand-binding assay,0.048892029958503155,ada_assay_platform
continuous,cat__light_chain_clean_Kappa,0.04889092570817283,light_chain_clean
continuous,cat__sequence_verified_Missing,0.04885989754080878,sequence_verified
continuous,cat__target_group_Neurotrophic/neuropeptide pathway,0.047354629697795886,target_group
continuous,cat__moa_group_Receptor blockade/antagonism,0.04563128301428412,moa_group
continuous,cat__light_chain_clean_Lambda,0.04112662583289984,light_chain_clean
continuous,cat__protein_modality_Monoclonal antibody,0.04086365975108396,protein_modality
continuous,cat__moa_group_Enzyme replacement/substrate degradation,0.03891300072341541,moa_group
continuous,cat__route_clean_Ophthalmic,0.03544492551236322,route_clean
continuous,cat__target_group_Immune-cell surface antigen,0.03471621223766573,target_group
continuous,cat__disease_category_clean_Healthy Volunteer,0.03039403344007405,disease_category_clean
continuous,cat__ada_assay_platform_ECL/MSD,0.0271588183834292,ada_assay_platform
continuous,cat__antibody_backbone_clean_Human IgG2,0.02554574316188575,antibody_backbone_clean
continuous,cat__trial_blinding_Single,0.022704444218791718,trial_blinding
continuous,cat__moa_group_Immune-cell targeting/modulation,0.02117426360517389,moa_group
continuous,cat__disease_category_clean_Renal and urogenital,0.01963498274584546,disease_category_clean
continuous,cat__protein_modality_Monoclonal Antibody,0.019146803248056544,protein_modality
continuous,cat__sequence_verified_Yes,0.012713081370593687,sequence_verified
continuous,cat__moa_group_Tissue dispersion/drug delivery,0.011321670578660426,moa_group
continuous,cat__moa_group_Pathogen/toxin neutralization,0.009722531977743852,moa_group
continuous,cat__target_group_Extracellular matrix/drug delivery,0.007795163048633497,target_group
continuous,cat__conjugate_modification_clean_Unconjugated,0.0074695532507788,conjugate_modification_clean
continuous,cat__disease_category_clean_Infectious diseases,0.0073693929592832125,disease_category_clean
continuous,cat__disease_category_clean_Musculoskeletal,0.00728413569538477,disease_category_clean
continuous,cat__protein_modality_Enzyme,0.0068531911312536735,protein_modality
continuous,cat__target_group_Pathogen/toxin antigen,0.0066886839831403234,target_group
continuous,cat__moa_group_Adhesion/trafficking blockade,0.005440258429200281,moa_group
continuous,cat__target_group_Adhesion/trafficking,0.004394759212485071,target_group
continuous,cat__target_group_Bone/mineral metabolism,0.004300886335185663,target_group
continuous,cat__moa_group_Targeted payload delivery,0.004004848808773014,moa_group
continuous,cat__target_group_Complement/coagulation/protease,0.0021547157419597807,target_group
continuous,cat__ada_assay_platform_infrequent_sklearn,0.0020043803053681588,ada_assay_platform
continuous,cat__moa_group_infrequent_sklearn,0.0018380275453084068,moa_group
continuous,cat__antibody_backbone_clean_Human Fab (CH1 IgG1),0.0017082423174799924,antibody_backbone_clean
continuous,cat__route_clean_Intramuscular,0.0016325916595843824,route_clean
continuous,cat__protein_modality_Antibody-drug conjugate,0.0014246220656295417,protein_modality
continuous,cat__protein_modality_IgG-like Bispecific,0.001399314503496051,protein_modality
continuous,cat__disease_category_clean_Blood disorders,0.0006560523229956341,disease_category_clean
continuous,cat__moa_group_Enzyme inhibition,0.0005537185738645652,moa_group
continuous,cat__disease_category_clean_Non-inflammatory skin diseases,0.0005297196975053586,disease_category_clean
continuous,cat__conjugate_modification_clean_infrequent_sklearn,0.0004533477904984495,conjugate_modification_clean
continuous,cat__conjugate_modification_clean_Drug conjugate,0.0003586649914836539,conjugate_modification_clean
continuous,cat__protein_modality_Fc-Fusion,0.00025499162303041956,protein_modality
continuous,cat__moa_group_Complement inhibition,0.00022999500668682675,moa_group
continuous,cat__target_group_Multi-target/composite,0.00018236892037933102,target_group
continuous,cat__disease_category_clean_Non-inflammatory respiratory diseases,0.00017649423191797004,disease_category_clean
continuous,cat__antibody_backbone_clean_infrequent_sklearn,0.00013409981233288677,antibody_backbone_clean
continuous,num__n_unique_sequences,8.777746939427468e-05,n_unique_sequences
continuous,cat__antibody_backbone_clean_Human IgG2(CH1-hinge)/IgG4(CH2-CH3),2.70641725443677e-05,antibody_backbone_clean
continuous,num__n_sequence_chains,1.7547616789733227e-05,n_sequence_chains
continuous,cat__species_Mouse,0.0,species
continuous,cat__route_clean_infrequent_sklearn,0.0,route_clean
continuous,cat__target_group_infrequent_sklearn,0.0,target_group
continuous,cat__light_chain_clean_infrequent_sklearn,0.0,light_chain_clean
continuous,cat__moa_group_T-cell engager,0.0,moa_group
continuous,cat__sequence_verified_infrequent_sklearn,0.0,sequence_verified
