outcome,transformed_feature,coefficient,absolute_coefficient,raw_feature,interpretation_unit
continuous,cat__disease_category_clean_Metabolic and endocrine disorders,31.079971504710944,31.079971504710944,disease_category_clean,percentage points per standardized/encoded feature
continuous,cat__moa_group_Receptor agonism,18.271356799965115,18.271356799965115,moa_group,percentage points per standardized/encoded feature
continuous,cat__antibody_backbone_clean_Not applicable,14.48629522644713,14.48629522644713,antibody_backbone_clean,percentage points per standardized/encoded feature
continuous,cat__target_group_Cytokine/immune mediator,13.166633985946842,13.166633985946842,target_group,percentage points per standardized/encoded feature
continuous,cat__trial_blinding_Single,12.748551152906412,12.748551152906412,trial_blinding,percentage points per standardized/encoded feature
continuous,cat__target_group_Immune checkpoint/co-stimulation,12.56182643400584,12.56182643400584,target_group,percentage points per standardized/encoded feature
continuous,cat__target_group_Complement/coagulation/protease,-11.238454272180487,11.238454272180487,target_group,percentage points per standardized/encoded feature
continuous,cat__protein_modality_Fc-Fusion,-11.098584869215044,11.098584869215044,protein_modality,percentage points per standardized/encoded feature
continuous,cat__antibody_backbone_clean_scFv,9.711118353285169,9.711118353285169,antibody_backbone_clean,percentage points per standardized/encoded feature
continuous,cat__ada_assay_platform_Multiple platforms,9.33422504176196,9.33422504176196,ada_assay_platform,percentage points per standardized/encoded feature
continuous,cat__antibody_backbone_clean_Human IgG4,-8.769974656774473,8.769974656774473,antibody_backbone_clean,percentage points per standardized/encoded feature
continuous,cat__disease_category_clean_Non-inflammatory skin diseases,-7.474081634010633,7.474081634010633,disease_category_clean,percentage points per standardized/encoded feature
continuous,cat__target_group_Neurotrophic/neuropeptide pathway,-7.306768117958752,7.306768117958752,target_group,percentage points per standardized/encoded feature
continuous,cat__labelled_as_biosimilar_No,-7.166446261340657,7.166446261340657,labelled_as_biosimilar,percentage points per standardized/encoded feature
continuous,cat__labelled_as_biosimilar_Yes,7.166446261340319,7.166446261340319,labelled_as_biosimilar,percentage points per standardized/encoded feature
continuous,cat__disease_category_clean_Renal and urogenital,-7.162832021910403,7.162832021910403,disease_category_clean,percentage points per standardized/encoded feature
continuous,cat__protein_modality_Immunotoxin,6.949434500271138,6.949434500271138,protein_modality,percentage points per standardized/encoded feature
continuous,cat__antibody_backbone_clean_Human Fab (CH1 IgG1),-6.840932395777552,6.840932395777552,antibody_backbone_clean,percentage points per standardized/encoded feature
continuous,cat__target_group_Cytokine receptor,6.70737305125237,6.70737305125237,target_group,percentage points per standardized/encoded feature
continuous,cat__disease_category_clean_Blood disorders,-6.696415620977282,6.696415620977282,disease_category_clean,percentage points per standardized/encoded feature
continuous,cat__light_chain_clean_Not applicable,6.66804616551533,6.66804616551533,light_chain_clean,percentage points per standardized/encoded feature
continuous,cat__route_clean_Subcutaneous,6.633921319563114,6.633921319563114,route_clean,percentage points per standardized/encoded feature
continuous,cat__disease_category_clean_Inflammation and autoimmunity,-6.62482557396374,6.62482557396374,disease_category_clean,percentage points per standardized/encoded feature
continuous,cat__trial_blinding_Open Label,-6.425732020508999,6.425732020508999,trial_blinding,percentage points per standardized/encoded feature
continuous,cat__therapeutic_comparator_Active controls,6.3948052713762875,6.3948052713762875,therapeutic_comparator,percentage points per standardized/encoded feature
continuous,cat__moa_group_Enzyme replacement/substrate degradation,-6.311734127876953,6.311734127876953,moa_group,percentage points per standardized/encoded feature
continuous,cat__antibody_backbone_clean_Human IgG1,-6.123144300940705,6.123144300940705,antibody_backbone_clean,percentage points per standardized/encoded feature
continuous,cat__protein_modality_infrequent_sklearn,5.932633738425977,5.932633738425977,protein_modality,percentage points per standardized/encoded feature
continuous,cat__species_Chimeric,5.895453736972009,5.895453736972009,species,percentage points per standardized/encoded feature
continuous,cat__therapeutic_comparator_Placebo/Sham,-5.891643325573366,5.891643325573366,therapeutic_comparator,percentage points per standardized/encoded feature
continuous,cat__moa_group_Immune checkpoint blockade,-5.709530365957349,5.709530365957349,moa_group,percentage points per standardized/encoded feature
continuous,cat__route_clean_Intramuscular,-5.680471032542332,5.680471032542332,route_clean,percentage points per standardized/encoded feature
continuous,cat__trial_blinding_Missing,-5.578112857637244,5.578112857637244,trial_blinding,percentage points per standardized/encoded feature
continuous,cat__disease_category_clean_Unspecified,5.473556004643088,5.473556004643088,disease_category_clean,percentage points per standardized/encoded feature
continuous,num__max_chain_length,5.464561696031483,5.464561696031483,max_chain_length,percentage points per standardized/encoded feature
continuous,cat__target_group_Growth factor/oncogenic pathway,-5.29748446245101,5.29748446245101,target_group,percentage points per standardized/encoded feature
continuous,cat__disease_category_clean_Cardiovascular,5.0744035835745205,5.0744035835745205,disease_category_clean,percentage points per standardized/encoded feature
continuous,cat__target_group_Metabolic/lipid regulator,5.07440358357452,5.07440358357452,target_group,percentage points per standardized/encoded feature
continuous,cat__moa_group_infrequent_sklearn,-5.023101713663203,5.023101713663203,moa_group,percentage points per standardized/encoded feature
continuous,cat__light_chain_clean_Lambda,-4.533063620253202,4.533063620253202,light_chain_clean,percentage points per standardized/encoded feature
continuous,cat__disease_category_clean_Cancer and neoplasms,-4.466992321431111,4.466992321431111,disease_category_clean,percentage points per standardized/encoded feature
continuous,cat__protein_modality_IgG-like Bispecific,-4.395392342212316,4.395392342212316,protein_modality,percentage points per standardized/encoded feature
continuous,cat__moa_group_Tissue dispersion/drug delivery,-4.380963866565846,4.380963866565846,moa_group,percentage points per standardized/encoded feature
continuous,cat__target_group_Extracellular matrix/drug delivery,-4.380963866565846,4.380963866565846,target_group,percentage points per standardized/encoded feature
continuous,cat__moa_group_Enzyme inhibition,4.096791871737129,4.096791871737129,moa_group,percentage points per standardized/encoded feature
continuous,cat__species_Human,-4.032302596206414,4.032302596206414,species,percentage points per standardized/encoded feature
continuous,cat__moa_group_T-cell engager,-3.768680602545301,3.768680602545301,moa_group,percentage points per standardized/encoded feature
continuous,cat__species_Mouse,-3.7686806025453006,3.7686806025453006,species,percentage points per standardized/encoded feature
continuous,cat__species_Bacterial,3.7190651659764695,3.7190651659764695,species,percentage points per standardized/encoded feature
continuous,cat__target_group_Metabolic substrate,3.6558633896269233,3.6558633896269233,target_group,percentage points per standardized/encoded feature
continuous,num__log_total_sequence_length,-3.5901679180089907,3.5901679180089907,log_total_sequence_length,percentage points per standardized/encoded feature
continuous,cat__ada_assay_platform_infrequent_sklearn,-3.55282346272914,3.55282346272914,ada_assay_platform,percentage points per standardized/encoded feature
continuous,cat__disease_category_clean_Healthy Volunteer,-3.4526529394010934,3.4526529394010934,disease_category_clean,percentage points per standardized/encoded feature
continuous,cat__disease_category_clean_Non-inflammatory respiratory diseases,-3.4305213631228306,3.4305213631228306,disease_category_clean,percentage points per standardized/encoded feature
continuous,cat__antibody_backbone_clean_Human IgG2,-3.392409206581861,3.392409206581861,antibody_backbone_clean,percentage points per standardized/encoded feature
continuous,cat__target_group_infrequent_sklearn,-3.370891839760015,3.370891839760015,target_group,percentage points per standardized/encoded feature
continuous,cat__target_group_Bone/mineral metabolism,-3.2930666458779654,3.2930666458779654,target_group,percentage points per standardized/encoded feature
continuous,cat__conjugate_modification_clean_PEG conjugate,-3.2303693342930715,3.2303693342930715,conjugate_modification_clean,percentage points per standardized/encoded feature
continuous,cat__target_group_Pathogen/toxin antigen,-3.228978296357491,3.228978296357491,target_group,percentage points per standardized/encoded feature
continuous,cat__moa_group_Pathogen/toxin neutralization,-3.2289782963574827,3.2289782963574827,moa_group,percentage points per standardized/encoded feature
continuous,cat__disease_category_clean_Musculoskeletal,-2.8709280961322787,2.8709280961322787,disease_category_clean,percentage points per standardized/encoded feature
continuous,cat__target_group_Multi-target/composite,-2.7751428087050116,2.7751428087050116,target_group,percentage points per standardized/encoded feature
continuous,cat__prospective_or_retrospective_Prospective,-2.6960933146944384,2.6960933146944384,prospective_or_retrospective,percentage points per standardized/encoded feature
continuous,cat__prospective_or_retrospective_Missing,2.696093314694264,2.696093314694264,prospective_or_retrospective,percentage points per standardized/encoded feature
continuous,num__dose_mg_missing,2.358293972092789,2.358293972092789,dose_mg_missing,percentage points per standardized/encoded feature
continuous,cat__moa_group_Ligand neutralization,-2.318364273302246,2.318364273302246,moa_group,percentage points per standardized/encoded feature
continuous,cat__protein_modality_Antibody-drug conjugate,2.2976809881521154,2.2976809881521154,protein_modality,percentage points per standardized/encoded feature
continuous,cat__moa_group_Immune-cell targeting/modulation,2.2913298879396344,2.2913298879396344,moa_group,percentage points per standardized/encoded feature
continuous,cat__conjugate_modification_clean_Unconjugated,2.252958447132105,2.252958447132105,conjugate_modification_clean,percentage points per standardized/encoded feature
continuous,num__log_dose_mg_extracted,-2.2062472849216332,2.2062472849216332,log_dose_mg_extracted,percentage points per standardized/encoded feature
continuous,cat__route_clean_Ophthalmic,1.9817725987286485,1.9817725987286485,route_clean,percentage points per standardized/encoded feature
continuous,cat__moa_group_Receptor blockade/antagonism,1.9803539363811733,1.9803539363811733,moa_group,percentage points per standardized/encoded feature
continuous,cat__target_group_Immune-cell surface antigen,-1.9598328391379538,1.9598328391379538,target_group,percentage points per standardized/encoded feature
continuous,cat__route_clean_Intravenous,-1.8437752965401466,1.8437752965401466,route_clean,percentage points per standardized/encoded feature
continuous,cat__species_Humanized,-1.813535704198195,1.813535704198195,species,percentage points per standardized/encoded feature
continuous,cat__ada_assay_platform_Platform unclear,-1.8103641871980516,1.8103641871980516,ada_assay_platform,percentage points per standardized/encoded feature
continuous,cat__ada_assay_platform_ECL/MSD,-1.742869362183962,1.742869362183962,ada_assay_platform,percentage points per standardized/encoded feature
continuous,cat__moa_group_Adhesion/trafficking blockade,1.6854827045838074,1.6854827045838074,moa_group,percentage points per standardized/encoded feature
continuous,cat__target_group_Adhesion/trafficking,1.6854827045837617,1.6854827045837617,target_group,percentage points per standardized/encoded feature
continuous,cat__protein_modality_Monoclonal Antibody,1.6684209626453261,1.6684209626453261,protein_modality,percentage points per standardized/encoded feature
continuous,cat__ada_assay_platform_Other ligand-binding assay,-1.659534077720612,1.659534077720612,ada_assay_platform,percentage points per standardized/encoded feature
continuous,cat__light_chain_clean_Kappa,-1.5082708055947087,1.5082708055947087,light_chain_clean,percentage points per standardized/encoded feature
continuous,cat__moa_group_Targeted payload delivery,1.4869910653216702,1.4869910653216702,moa_group,percentage points per standardized/encoded feature
continuous,num__n_sequence_chains,1.3375998806202711,1.3375998806202711,n_sequence_chains,percentage points per standardized/encoded feature
continuous,num__n_unique_sequences,1.3375998806202476,1.3375998806202476,n_unique_sequences,percentage points per standardized/encoded feature
continuous,cat__trial_blinding_Triple,-1.2193901297051553,1.2193901297051553,trial_blinding,percentage points per standardized/encoded feature
continuous,num__sequence_available,1.1448821747380353,1.1448821747380353,sequence_available,percentage points per standardized/encoded feature
continuous,cat__randomized_or_not_Not Randomized,-1.1385757278759003,1.1385757278759003,randomized_or_not,percentage points per standardized/encoded feature
continuous,cat__sequence_verified_infrequent_sklearn,1.1335552320380824,1.1335552320380824,sequence_verified,percentage points per standardized/encoded feature
continuous,cat__route_clean_infrequent_sklearn,-1.0914475892081863,1.0914475892081863,route_clean,percentage points per standardized/encoded feature
continuous,num__ada_assay_missing,-1.0338921869319797,1.0338921869319797,ada_assay_missing,percentage points per standardized/encoded feature
continuous,num__log_assessment_days,1.0279549475110856,1.0279549475110856,log_assessment_days,percentage points per standardized/encoded feature
continuous,cat__therapeutic_comparator_Parallel Assignment,-1.0249789364060358,1.0249789364060358,therapeutic_comparator,percentage points per standardized/encoded feature
continuous,cat__moa_group_Complement inhibition,0.9290469803409438,0.9290469803409438,moa_group,percentage points per standardized/encoded feature
continuous,cat__antibody_backbone_clean_infrequent_sklearn,0.8464037931961753,0.8464037931961753,antibody_backbone_clean,percentage points per standardized/encoded feature
continuous,cat__conjugate_modification_clean_infrequent_sklearn,0.8464037931961752,0.8464037931961752,conjugate_modification_clean,percentage points per standardized/encoded feature
continuous,cat__sequence_verified_Missing,-0.7985343314691254,0.7985343314691254,sequence_verified,percentage points per standardized/encoded feature
continuous,cat__protein_modality_Enzyme,-0.7251004769378208,0.7251004769378208,protein_modality,percentage points per standardized/encoded feature
continuous,cat__randomized_or_not_Randomized,0.6850095497467802,0.6850095497467802,randomized_or_not,percentage points per standardized/encoded feature
continuous,cat__protein_modality_Monoclonal antibody,-0.629092501130991,0.629092501130991,protein_modality,percentage points per standardized/encoded feature
continuous,cat__light_chain_clean_infrequent_sklearn,-0.6267117396669079,0.6267117396669079,light_chain_clean,percentage points per standardized/encoded feature
continuous,cat__therapeutic_comparator_Missing,0.5218169906041799,0.5218169906041799,therapeutic_comparator,percentage points per standardized/encoded feature
continuous,cat__ada_assay_platform_Not reported,-0.5168220632326024,0.5168220632326024,ada_assay_platform,percentage points per standardized/encoded feature
continuous,cat__trial_blinding_Double,0.4746838549469056,0.4746838549469056,trial_blinding,percentage points per standardized/encoded feature
continuous,cat__randomized_or_not_Missing,0.4535661781308373,0.4535661781308373,randomized_or_not,percentage points per standardized/encoded feature
continuous,num__has_coadministered_drugs,-0.44061858383304,0.44061858383304,has_coadministered_drugs,percentage points per standardized/encoded feature
continuous,num__comedication_missing,0.44061858383298513,0.44061858383298513,comedication_missing,percentage points per standardized/encoded feature
continuous,cat__disease_category_clean_Neurological,0.40917981286856336,0.40917981286856336,disease_category_clean,percentage points per standardized/encoded feature
continuous,cat__conjugate_modification_clean_Not applicable,0.35738960955262344,0.35738960955262344,conjugate_modification_clean,percentage points per standardized/encoded feature
continuous,cat__sequence_verified_Yes,-0.33502090056960016,0.33502090056960016,sequence_verified,percentage points per standardized/encoded feature
continuous,num__log_n_ada_assessed,-0.29337702927367876,0.29337702927367876,log_n_ada_assessed,percentage points per standardized/encoded feature
continuous,cat__conjugate_modification_clean_Drug conjugate,-0.2263825155892353,0.2263825155892353,conjugate_modification_clean,percentage points per standardized/encoded feature
continuous,cat__disease_category_clean_Infectious diseases,0.14213866515420204,0.14213866515420204,disease_category_clean,percentage points per standardized/encoded feature
continuous,cat__antibody_backbone_clean_Human IgG2(CH1-hinge)/IgG4(CH2-CH3),0.08264318714485329,0.08264318714485329,antibody_backbone_clean,percentage points per standardized/encoded feature
continuous,num__ada_assay_sensitivity_missing,0.05799817151637204,0.05799817151637204,ada_assay_sensitivity_missing,percentage points per standardized/encoded feature
continuous,cat__ada_assay_platform_ELISA,-0.05181188869811148,0.05181188869811148,ada_assay_platform,percentage points per standardized/encoded feature
