replication_row_key,source_excel_row,IDC Row identifier,Trial ID,External Source Identifier,Molecule Assessed for ADA INN Name,Therapeutic Assessed for ADA ID,ada_frequency_percent,Disease Indication Description,Dosing Description,Therapeutic Dosing Schedule Description,Therapeutic Route of Administration
CT0722_A1_001__source_row_2048,2048,CT0722_A1_001,CT0722,10.1111/bjd.12341,Adalimumab,PR_0003,6.4,Psoriasis,Adalimumab sc,40mg Q2W,Subcutaneous
CT0722_A1_001__source_row_3324,3324,CT0722_A1_001,CT0722,10.1111/bjd.12341,Etanercept,PR_0142,0.0,Psoriasis,Etanercept sc,25 mg twice per week or 50mg Q1W,Subcutaneous
CT0725_A1_001__source_row_2050,2050,CT0725_A1_001,CT0725,10.1001/archdermatol.2009.347,Adalimumab,PR_0003,44.8,Psoriasis,Adalimumab sc,"Loading dose 80 mg, 40 mg, then 40mg Q2W",Subcutaneous
CT0725_A1_001__source_row_3320,3320,CT0725_A1_001,CT0725,10.1111/j.1365-2133.2005.06688.x,Etanercept,PR_0142,2.7,Psoriasis,Etanercept sc,25 or 50 mg twice weekely BIW,Subcutaneous
CT0736_A1_001__source_row_3280,3280,CT0736_A1_001,CT0736,10.1002/1529-0131(199809) 41:9,Infliximab,PR_0177,15.0,Rheumatoid arthritis,Iv ca2 at 1 mg/kg with mtx 7.5 mg/week,,Intravenous
CT0736_A1_001__source_row_3294,3294,CT0736_A1_001,CT0736,10.1002/1529-0131(199809) 41:9,Infliximab,PR_0177,53.0,Rheumatoid arthritis,Iv ca2 at 1 mg/kg,,Intravenous
CT0736_A2_001__source_row_3281,3281,CT0736_A2_001,CT0736,10.1002/1529-0131(199809) 41:9,Infliximab,PR_0177,7.0,Rheumatoid arthritis,Iv ca2 at 3mg/kg with mtx 7.5 mg/week,,Intravenous
CT0736_A2_001__source_row_3295,3295,CT0736_A2_001,CT0736,10.1002/1529-0131(199809) 41:9,Infliximab,PR_0177,21.0,Rheumatoid arthritis,Iv ca2 at 3mg/kg,,Intravenous
CT0736_A3_001__source_row_3282,3282,CT0736_A3_001,CT0736,10.1002/1529-0131(199809) 41:9,Infliximab,PR_0177,0.0,Rheumatoid arthritis,Iv ca2 at 10 mg/kg with mtx 7.5 mg/week,,Intravenous
CT0736_A3_001__source_row_3296,3296,CT0736_A3_001,CT0736,10.1002/1529-0131(199809) 41:9,Infliximab,PR_0177,7.0,Rheumatoid arthritis,Iv ca2 at 10 mg/kg,,Intravenous
CT0737_A1_001__source_row_3286,3286,CT0737_A1_001,CT0737,10.1056/NEJMoa020888,Infliximab,PR_0177,43.0,Crohn's disease,"Single iv infusion of 5 mg/kg of infliximab and for draining fistulas with a series of three infusions of 5 mg/kg, at weeks 0, 2, and 6.",,Intravenous
CT0737_A1_001__source_row_3297,3297,CT0737_A1_001,CT0737,10.1056/NEJMoa020888,Infliximab,PR_0177,75.0,Crohn's disease,"Single iv infusion of 5 mg/kg of infliximab and for draining fistulas with a series of three infusions of 5 mg/kg, at weeks 0, 2, and 6.",,Intravenous
CT0742_A1_001__source_row_3287,3287,CT0742_A1_001,CT0742,10.1016/S0140-6736(02)08512-4,Infliximab,PR_0177,15.0,Crohn's disease,"5 mg/kg intravenous infusion of infliximab at week 0, repeat infusions of placebo at weeks 2 and 6 and then every 8 weeks thereafter until week 46 (group i), repeat infusions of 5 mg/kg infliximab at the same timepoints (group ii), or 5 mg/kg infliximab at weeks 2 and 6 followed by 10 mg/kg (group iii)",,Intravenous
CT0742_A1_001__source_row_3298,3298,CT0742_A1_001,CT0742,10.1016/S0140-6736(02)08512-4,Infliximab,PR_0177,14.0,Crohn's disease,"5 mg/kg intravenous infusion of infliximab at week 0, repeat infusions of placebo at weeks 2 and 6 and then every 8 weeks thereafter until week 46 (group i), repeat infusions of 5 mg/kg infliximab at the same timepoints (group ii), or 5 mg/kg infliximab at weeks 2 and 6 followed by 10 mg/kg (group iii)",,Intravenous
CT0745_A1_001__source_row_2348,2348,CT0745_A1_001,CT0745,10.1186/ar3147,Adalimumab,PR_0003,12.0,Rheumatoid arthritis,Adalimumab sc 40 mg qw or qow,,Subcutaneous
CT0745_A1_001__source_row_2349,2349,CT0745_A1_001,CT0745,10.1136/ard.2006.065615,Adalimumab,PR_0003,38.0,Rheumatoid arthritis,Adalimumab sc 40 mg qw or qow,,Subcutaneous
CT0751_A1_001__source_row_2689,2689,CT0751_A1_001,CT0685,10.1111/j.1365-2036.2008.03828.x,Adalimumab,PR_0003,7.7,Crohn's disease,Adalimumab sc,,Subcutaneous
CT0751_A1_001__source_row_2692,2692,CT0751_A1_001,CT0751,10.1111/j.1365-2036.2008.03828.x,Adalimumab,PR_0003,24.0,Crohn's disease,Adalimumab sc,,Subcutaneous
CT0752_A1_001__source_row_1323,1323,CT0752_A1_001,CT0752,10.1053/j.gastro.2005.11.030,Adalimumab,PR_0003,0.67,Crohn's disease,Adalimumab sc,,Subcutaneous
CT0752_A1_001__source_row_3302,3302,CT0752_A1_001,CT0752,10.1053/j.gastro.2005.11.030,Adalimumab,PR_0003,0.0,Crohn's disease,Adalimumab 40 mg at week 0 and 20 mg at week 2; adalimumab 80 mg at week 0 and 40 mg at week 2; or adalimumab 160 mg at week 0 and 80 mg at week 2,,Subcutaneous
