scenario_id,scenario_order,analysis_type,model_order,variable,df,deviance,residual_df,residual_deviance,p_value,n_complete,formula_through_term
paper_inferred,T cell Epitope Content -> Disease Indication -> Therapeutic Immune MOA Type -> Comedication Immune MOA Type -> Dose Level -> Dose Interval -> Year Trial was Completed -> Route of Administration,proxy_order_sensitivity,1,T cell Epitope Content,1,31.901658359542353,1441,1757.4862282360352,1.6217863572001187e-08,1443,high_ada ~ tcell
paper_inferred,T cell Epitope Content -> Disease Indication -> Therapeutic Immune MOA Type -> Comedication Immune MOA Type -> Dose Level -> Dose Interval -> Year Trial was Completed -> Route of Administration,proxy_order_sensitivity,2,Disease Indication,4,88.23194923402912,1437,1669.2542790020061,3.126122582367848e-18,1443,high_ada ~ tcell + C(disease)
paper_inferred,T cell Epitope Content -> Disease Indication -> Therapeutic Immune MOA Type -> Comedication Immune MOA Type -> Dose Level -> Dose Interval -> Year Trial was Completed -> Route of Administration,proxy_order_sensitivity,3,Therapeutic Immune MOA Type,3,58.98921925492823,1434,1610.2650597470779,9.664152286185342e-13,1443,high_ada ~ tcell + C(disease) + C(moa)
paper_inferred,T cell Epitope Content -> Disease Indication -> Therapeutic Immune MOA Type -> Comedication Immune MOA Type -> Dose Level -> Dose Interval -> Year Trial was Completed -> Route of Administration,proxy_order_sensitivity,4,Comedication Immune MOA Type,2,0.11622229379645432,1432,1610.1488374532814,0.9435450695006653,1443,high_ada ~ tcell + C(disease) + C(moa) + C(comed)
paper_inferred,T cell Epitope Content -> Disease Indication -> Therapeutic Immune MOA Type -> Comedication Immune MOA Type -> Dose Level -> Dose Interval -> Year Trial was Completed -> Route of Administration,proxy_order_sensitivity,5,Dose Level,1,7.153515236910607,1431,1602.9953222163708,0.007481720444031147,1443,high_ada ~ tcell + C(disease) + C(moa) + C(comed) + dose
paper_inferred,T cell Epitope Content -> Disease Indication -> Therapeutic Immune MOA Type -> Comedication Immune MOA Type -> Dose Level -> Dose Interval -> Year Trial was Completed -> Route of Administration,proxy_order_sensitivity,6,Dose Interval,1,0.5591912599156785,1430,1602.4361309564551,0.45458627985515154,1443,high_ada ~ tcell + C(disease) + C(moa) + C(comed) + dose + dose_interval
paper_inferred,T cell Epitope Content -> Disease Indication -> Therapeutic Immune MOA Type -> Comedication Immune MOA Type -> Dose Level -> Dose Interval -> Year Trial was Completed -> Route of Administration,proxy_order_sensitivity,7,Year Trial was Completed,1,31.367017636543096,1429,1571.069113319912,2.1357843138133228e-08,1443,high_ada ~ tcell + C(disease) + C(moa) + C(comed) + dose + dose_interval + trial_year
paper_inferred,T cell Epitope Content -> Disease Indication -> Therapeutic Immune MOA Type -> Comedication Immune MOA Type -> Dose Level -> Dose Interval -> Year Trial was Completed -> Route of Administration,proxy_order_sensitivity,8,Route of Administration,3,19.919750020081665,1426,1551.1493632998304,0.00017636808203866621,1443,high_ada ~ tcell + C(disease) + C(moa) + C(comed) + dose + dose_interval + trial_year + C(route)
last__tcell,Disease Indication -> Therapeutic Immune MOA Type -> Comedication Immune MOA Type -> Dose Level -> Dose Interval -> Year Trial was Completed -> Route of Administration -> T cell Epitope Content,proxy_order_sensitivity,1,Disease Indication,4,73.69188618495855,1438,1715.696000410619,3.7672944554544325e-15,1443,high_ada ~ C(disease)
last__tcell,Disease Indication -> Therapeutic Immune MOA Type -> Comedication Immune MOA Type -> Dose Level -> Dose Interval -> Year Trial was Completed -> Route of Administration -> T cell Epitope Content,proxy_order_sensitivity,2,Therapeutic Immune MOA Type,3,63.142400044564056,1435,1652.553600366055,1.2520574483692903e-13,1443,high_ada ~ C(disease) + C(moa)
last__tcell,Disease Indication -> Therapeutic Immune MOA Type -> Comedication Immune MOA Type -> Dose Level -> Dose Interval -> Year Trial was Completed -> Route of Administration -> T cell Epitope Content,proxy_order_sensitivity,3,Comedication Immune MOA Type,2,0.47973123378778837,1433,1652.0738691322672,0.7867335776649762,1443,high_ada ~ C(disease) + C(moa) + C(comed)
last__tcell,Disease Indication -> Therapeutic Immune MOA Type -> Comedication Immune MOA Type -> Dose Level -> Dose Interval -> Year Trial was Completed -> Route of Administration -> T cell Epitope Content,proxy_order_sensitivity,4,Dose Level,1,3.474013258435207,1432,1648.599855873832,0.062339891675157105,1443,high_ada ~ C(disease) + C(moa) + C(comed) + dose
last__tcell,Disease Indication -> Therapeutic Immune MOA Type -> Comedication Immune MOA Type -> Dose Level -> Dose Interval -> Year Trial was Completed -> Route of Administration -> T cell Epitope Content,proxy_order_sensitivity,5,Dose Interval,1,0.4503056308567466,1431,1648.1495502429752,0.502189850874559,1443,high_ada ~ C(disease) + C(moa) + C(comed) + dose + dose_interval
last__tcell,Disease Indication -> Therapeutic Immune MOA Type -> Comedication Immune MOA Type -> Dose Level -> Dose Interval -> Year Trial was Completed -> Route of Administration -> T cell Epitope Content,proxy_order_sensitivity,6,Year Trial was Completed,1,41.19729568945331,1430,1606.952254553522,1.376128044180475e-10,1443,high_ada ~ C(disease) + C(moa) + C(comed) + dose + dose_interval + trial_year
last__tcell,Disease Indication -> Therapeutic Immune MOA Type -> Comedication Immune MOA Type -> Dose Level -> Dose Interval -> Year Trial was Completed -> Route of Administration -> T cell Epitope Content,proxy_order_sensitivity,7,Route of Administration,3,28.00526383010265,1427,1578.9469907234193,3.622808354849745e-06,1443,high_ada ~ C(disease) + C(moa) + C(comed) + dose + dose_interval + trial_year + C(route)
last__tcell,Disease Indication -> Therapeutic Immune MOA Type -> Comedication Immune MOA Type -> Dose Level -> Dose Interval -> Year Trial was Completed -> Route of Administration -> T cell Epitope Content,proxy_order_sensitivity,8,T cell Epitope Content,1,27.797627423588665,1426,1551.1493632998306,1.346911868112552e-07,1443,high_ada ~ C(disease) + C(moa) + C(comed) + dose + dose_interval + trial_year + C(route) + tcell
first__C(disease),Disease Indication -> T cell Epitope Content -> Therapeutic Immune MOA Type -> Comedication Immune MOA Type -> Dose Level -> Dose Interval -> Year Trial was Completed -> Route of Administration,proxy_order_sensitivity,1,Disease Indication,4,73.69188618495855,1438,1715.696000410619,3.7672944554544325e-15,1443,high_ada ~ C(disease)
first__C(disease),Disease Indication -> T cell Epitope Content -> Therapeutic Immune MOA Type -> Comedication Immune MOA Type -> Dose Level -> Dose Interval -> Year Trial was Completed -> Route of Administration,proxy_order_sensitivity,2,T cell Epitope Content,1,46.44172140861292,1437,1669.2542790020061,9.438428315686483e-12,1443,high_ada ~ C(disease) + tcell
first__C(disease),Disease Indication -> T cell Epitope Content -> Therapeutic Immune MOA Type -> Comedication Immune MOA Type -> Dose Level -> Dose Interval -> Year Trial was Completed -> Route of Administration,proxy_order_sensitivity,3,Therapeutic Immune MOA Type,3,58.98921925492823,1434,1610.2650597470779,9.664152286185342e-13,1443,high_ada ~ C(disease) + tcell + C(moa)
first__C(disease),Disease Indication -> T cell Epitope Content -> Therapeutic Immune MOA Type -> Comedication Immune MOA Type -> Dose Level -> Dose Interval -> Year Trial was Completed -> Route of Administration,proxy_order_sensitivity,4,Comedication Immune MOA Type,2,0.11622229379645432,1432,1610.1488374532814,0.9435450695006653,1443,high_ada ~ C(disease) + tcell + C(moa) + C(comed)
first__C(disease),Disease Indication -> T cell Epitope Content -> Therapeutic Immune MOA Type -> Comedication Immune MOA Type -> Dose Level -> Dose Interval -> Year Trial was Completed -> Route of Administration,proxy_order_sensitivity,5,Dose Level,1,7.153515236910607,1431,1602.9953222163708,0.007481720444031147,1443,high_ada ~ C(disease) + tcell + C(moa) + C(comed) + dose
first__C(disease),Disease Indication -> T cell Epitope Content -> Therapeutic Immune MOA Type -> Comedication Immune MOA Type -> Dose Level -> Dose Interval -> Year Trial was Completed -> Route of Administration,proxy_order_sensitivity,6,Dose Interval,1,0.5591912599156785,1430,1602.4361309564551,0.45458627985515154,1443,high_ada ~ C(disease) + tcell + C(moa) + C(comed) + dose + dose_interval
first__C(disease),Disease Indication -> T cell Epitope Content -> Therapeutic Immune MOA Type -> Comedication Immune MOA Type -> Dose Level -> Dose Interval -> Year Trial was Completed -> Route of Administration,proxy_order_sensitivity,7,Year Trial was Completed,1,31.367017636543096,1429,1571.069113319912,2.1357843138133228e-08,1443,high_ada ~ C(disease) + tcell + C(moa) + C(comed) + dose + dose_interval + trial_year
first__C(disease),Disease Indication -> T cell Epitope Content -> Therapeutic Immune MOA Type -> Comedication Immune MOA Type -> Dose Level -> Dose Interval -> Year Trial was Completed -> Route of Administration,proxy_order_sensitivity,8,Route of Administration,3,19.919750020081665,1426,1551.1493632998304,0.00017636808203866621,1443,high_ada ~ C(disease) + tcell + C(moa) + C(comed) + dose + dose_interval + trial_year + C(route)
last__C(disease),T cell Epitope Content -> Therapeutic Immune MOA Type -> Comedication Immune MOA Type -> Dose Level -> Dose Interval -> Year Trial was Completed -> Route of Administration -> Disease Indication,proxy_order_sensitivity,1,T cell Epitope Content,1,31.901658359542353,1441,1757.4862282360352,1.6217863572001187e-08,1443,high_ada ~ tcell
last__C(disease),T cell Epitope Content -> Therapeutic Immune MOA Type -> Comedication Immune MOA Type -> Dose Level -> Dose Interval -> Year Trial was Completed -> Route of Administration -> Disease Indication,proxy_order_sensitivity,2,Therapeutic Immune MOA Type,3,125.94357668954467,1438,1631.5426515464906,4.0470264671141095e-27,1443,high_ada ~ tcell + C(moa)
last__C(disease),T cell Epitope Content -> Therapeutic Immune MOA Type -> Comedication Immune MOA Type -> Dose Level -> Dose Interval -> Year Trial was Completed -> Route of Administration -> Disease Indication,proxy_order_sensitivity,3,Comedication Immune MOA Type,2,2.023536894419294,1436,1629.5191146520713,0.363575446728046,1443,high_ada ~ tcell + C(moa) + C(comed)
last__C(disease),T cell Epitope Content -> Therapeutic Immune MOA Type -> Comedication Immune MOA Type -> Dose Level -> Dose Interval -> Year Trial was Completed -> Route of Administration -> Disease Indication,proxy_order_sensitivity,4,Dose Level,1,13.23293406944481,1435,1616.2861805826265,0.0002750728881708613,1443,high_ada ~ tcell + C(moa) + C(comed) + dose
last__C(disease),T cell Epitope Content -> Therapeutic Immune MOA Type -> Comedication Immune MOA Type -> Dose Level -> Dose Interval -> Year Trial was Completed -> Route of Administration -> Disease Indication,proxy_order_sensitivity,5,Dose Interval,1,0.01955430570342287,1434,1616.266626276923,0.888789007182369,1443,high_ada ~ tcell + C(moa) + C(comed) + dose + dose_interval
last__C(disease),T cell Epitope Content -> Therapeutic Immune MOA Type -> Comedication Immune MOA Type -> Dose Level -> Dose Interval -> Year Trial was Completed -> Route of Administration -> Disease Indication,proxy_order_sensitivity,6,Year Trial was Completed,1,23.475170714606975,1433,1592.791455562316,1.2653630101830187e-06,1443,high_ada ~ tcell + C(moa) + C(comed) + dose + dose_interval + trial_year
last__C(disease),T cell Epitope Content -> Therapeutic Immune MOA Type -> Comedication Immune MOA Type -> Dose Level -> Dose Interval -> Year Trial was Completed -> Route of Administration -> Disease Indication,proxy_order_sensitivity,7,Route of Administration,3,32.81313439563405,1430,1559.978321166682,3.526628487197033e-07,1443,high_ada ~ tcell + C(moa) + C(comed) + dose + dose_interval + trial_year + C(route)
last__C(disease),T cell Epitope Content -> Therapeutic Immune MOA Type -> Comedication Immune MOA Type -> Dose Level -> Dose Interval -> Year Trial was Completed -> Route of Administration -> Disease Indication,proxy_order_sensitivity,8,Disease Indication,4,8.828957866851397,1426,1551.1493632998306,0.06551983982478364,1443,high_ada ~ tcell + C(moa) + C(comed) + dose + dose_interval + trial_year + C(route) + C(disease)
first__C(moa),Therapeutic Immune MOA Type -> T cell Epitope Content -> Disease Indication -> Comedication Immune MOA Type -> Dose Level -> Dose Interval -> Year Trial was Completed -> Route of Administration,proxy_order_sensitivity,1,Therapeutic Immune MOA Type,3,120.50843499607822,1439,1668.8794515994994,5.997008216763089e-26,1443,high_ada ~ C(moa)
first__C(moa),Therapeutic Immune MOA Type -> T cell Epitope Content -> Disease Indication -> Comedication Immune MOA Type -> Dose Level -> Dose Interval -> Year Trial was Completed -> Route of Administration,proxy_order_sensitivity,2,T cell Epitope Content,1,37.3368000530088,1438,1631.5426515464906,9.93913201762898e-10,1443,high_ada ~ C(moa) + tcell
first__C(moa),Therapeutic Immune MOA Type -> T cell Epitope Content -> Disease Indication -> Comedication Immune MOA Type -> Dose Level -> Dose Interval -> Year Trial was Completed -> Route of Administration,proxy_order_sensitivity,3,Disease Indication,4,21.27759179941245,1434,1610.265059747078,0.0002789572795397536,1443,high_ada ~ C(moa) + tcell + C(disease)
first__C(moa),Therapeutic Immune MOA Type -> T cell Epitope Content -> Disease Indication -> Comedication Immune MOA Type -> Dose Level -> Dose Interval -> Year Trial was Completed -> Route of Administration,proxy_order_sensitivity,4,Comedication Immune MOA Type,2,0.1162222937966817,1432,1610.1488374532814,0.943545069500558,1443,high_ada ~ C(moa) + tcell + C(disease) + C(comed)
first__C(moa),Therapeutic Immune MOA Type -> T cell Epitope Content -> Disease Indication -> Comedication Immune MOA Type -> Dose Level -> Dose Interval -> Year Trial was Completed -> Route of Administration,proxy_order_sensitivity,5,Dose Level,1,7.153515236910835,1431,1602.9953222163706,0.007481720444030203,1443,high_ada ~ C(moa) + tcell + C(disease) + C(comed) + dose
first__C(moa),Therapeutic Immune MOA Type -> T cell Epitope Content -> Disease Indication -> Comedication Immune MOA Type -> Dose Level -> Dose Interval -> Year Trial was Completed -> Route of Administration,proxy_order_sensitivity,6,Dose Interval,1,0.5591912599152238,1430,1602.4361309564554,0.45458627985533495,1443,high_ada ~ C(moa) + tcell + C(disease) + C(comed) + dose + dose_interval
first__C(moa),Therapeutic Immune MOA Type -> T cell Epitope Content -> Disease Indication -> Comedication Immune MOA Type -> Dose Level -> Dose Interval -> Year Trial was Completed -> Route of Administration,proxy_order_sensitivity,7,Year Trial was Completed,1,31.36701763654355,1429,1571.0691133199118,2.1357843138128235e-08,1443,high_ada ~ C(moa) + tcell + C(disease) + C(comed) + dose + dose_interval + trial_year
first__C(moa),Therapeutic Immune MOA Type -> T cell Epitope Content -> Disease Indication -> Comedication Immune MOA Type -> Dose Level -> Dose Interval -> Year Trial was Completed -> Route of Administration,proxy_order_sensitivity,8,Route of Administration,3,19.919750020080983,1426,1551.1493632998308,0.00017636808203872365,1443,high_ada ~ C(moa) + tcell + C(disease) + C(comed) + dose + dose_interval + trial_year + C(route)
last__C(moa),T cell Epitope Content -> Disease Indication -> Comedication Immune MOA Type -> Dose Level -> Dose Interval -> Year Trial was Completed -> Route of Administration -> Therapeutic Immune MOA Type,proxy_order_sensitivity,1,T cell Epitope Content,1,31.901658359542353,1441,1757.4862282360352,1.6217863572001187e-08,1443,high_ada ~ tcell
last__C(moa),T cell Epitope Content -> Disease Indication -> Comedication Immune MOA Type -> Dose Level -> Dose Interval -> Year Trial was Completed -> Route of Administration -> Therapeutic Immune MOA Type,proxy_order_sensitivity,2,Disease Indication,4,88.23194923402912,1437,1669.2542790020061,3.126122582367848e-18,1443,high_ada ~ tcell + C(disease)
last__C(moa),T cell Epitope Content -> Disease Indication -> Comedication Immune MOA Type -> Dose Level -> Dose Interval -> Year Trial was Completed -> Route of Administration -> Therapeutic Immune MOA Type,proxy_order_sensitivity,3,Comedication Immune MOA Type,2,1.7171037206592246,1435,1667.537175281347,0.42377532403881957,1443,high_ada ~ tcell + C(disease) + C(comed)
last__C(moa),T cell Epitope Content -> Disease Indication -> Comedication Immune MOA Type -> Dose Level -> Dose Interval -> Year Trial was Completed -> Route of Administration -> Therapeutic Immune MOA Type,proxy_order_sensitivity,4,Dose Level,1,10.493797935059092,1434,1657.0433773462878,0.0011977591312006019,1443,high_ada ~ tcell + C(disease) + C(comed) + dose
last__C(moa),T cell Epitope Content -> Disease Indication -> Comedication Immune MOA Type -> Dose Level -> Dose Interval -> Year Trial was Completed -> Route of Administration -> Therapeutic Immune MOA Type,proxy_order_sensitivity,5,Dose Interval,1,2.6438367662963174,1433,1654.3995405799915,0.1039522218786536,1443,high_ada ~ tcell + C(disease) + C(comed) + dose + dose_interval
last__C(moa),T cell Epitope Content -> Disease Indication -> Comedication Immune MOA Type -> Dose Level -> Dose Interval -> Year Trial was Completed -> Route of Administration -> Therapeutic Immune MOA Type,proxy_order_sensitivity,6,Year Trial was Completed,1,55.543364787529754,1432,1598.8561757924617,9.14198862889205e-14,1443,high_ada ~ tcell + C(disease) + C(comed) + dose + dose_interval + trial_year
last__C(moa),T cell Epitope Content -> Disease Indication -> Comedication Immune MOA Type -> Dose Level -> Dose Interval -> Year Trial was Completed -> Route of Administration -> Therapeutic Immune MOA Type,proxy_order_sensitivity,7,Route of Administration,3,26.476375005700447,1429,1572.3798007867613,7.579814044998183e-06,1443,high_ada ~ tcell + C(disease) + C(comed) + dose + dose_interval + trial_year + C(route)
last__C(moa),T cell Epitope Content -> Disease Indication -> Comedication Immune MOA Type -> Dose Level -> Dose Interval -> Year Trial was Completed -> Route of Administration -> Therapeutic Immune MOA Type,proxy_order_sensitivity,8,Therapeutic Immune MOA Type,3,21.23043748693067,1426,1551.1493632998306,9.428950350283524e-05,1443,high_ada ~ tcell + C(disease) + C(comed) + dose + dose_interval + trial_year + C(route) + C(moa)
first__C(comed),Comedication Immune MOA Type -> T cell Epitope Content -> Disease Indication -> Therapeutic Immune MOA Type -> Dose Level -> Dose Interval -> Year Trial was Completed -> Route of Administration,proxy_order_sensitivity,1,Comedication Immune MOA Type,2,13.77956069829952,1440,1775.608325897278,0.0010181374511932706,1443,high_ada ~ C(comed)
first__C(comed),Comedication Immune MOA Type -> T cell Epitope Content -> Disease Indication -> Therapeutic Immune MOA Type -> Dose Level -> Dose Interval -> Year Trial was Completed -> Route of Administration,proxy_order_sensitivity,2,T cell Epitope Content,1,37.492486786803966,1439,1738.115839110474,9.176579041301198e-10,1443,high_ada ~ C(comed) + tcell
first__C(comed),Comedication Immune MOA Type -> T cell Epitope Content -> Disease Indication -> Therapeutic Immune MOA Type -> Dose Level -> Dose Interval -> Year Trial was Completed -> Route of Administration,proxy_order_sensitivity,3,Disease Indication,4,70.57866382912721,1435,1667.537175281347,1.713234661848118e-14,1443,high_ada ~ C(comed) + tcell + C(disease)
first__C(comed),Comedication Immune MOA Type -> T cell Epitope Content -> Disease Indication -> Therapeutic Immune MOA Type -> Dose Level -> Dose Interval -> Year Trial was Completed -> Route of Administration,proxy_order_sensitivity,4,Therapeutic Immune MOA Type,3,57.38833782806546,1432,1610.1488374532814,2.1233019057247267e-12,1443,high_ada ~ C(comed) + tcell + C(disease) + C(moa)
first__C(comed),Comedication Immune MOA Type -> T cell Epitope Content -> Disease Indication -> Therapeutic Immune MOA Type -> Dose Level -> Dose Interval -> Year Trial was Completed -> Route of Administration,proxy_order_sensitivity,5,Dose Level,1,7.153515236910607,1431,1602.9953222163708,0.007481720444031147,1443,high_ada ~ C(comed) + tcell + C(disease) + C(moa) + dose
first__C(comed),Comedication Immune MOA Type -> T cell Epitope Content -> Disease Indication -> Therapeutic Immune MOA Type -> Dose Level -> Dose Interval -> Year Trial was Completed -> Route of Administration,proxy_order_sensitivity,6,Dose Interval,1,0.5591912599154512,1430,1602.4361309564554,0.45458627985524336,1443,high_ada ~ C(comed) + tcell + C(disease) + C(moa) + dose + dose_interval
first__C(comed),Comedication Immune MOA Type -> T cell Epitope Content -> Disease Indication -> Therapeutic Immune MOA Type -> Dose Level -> Dose Interval -> Year Trial was Completed -> Route of Administration,proxy_order_sensitivity,7,Year Trial was Completed,1,31.36701763654355,1429,1571.0691133199118,2.1357843138128235e-08,1443,high_ada ~ C(comed) + tcell + C(disease) + C(moa) + dose + dose_interval + trial_year
first__C(comed),Comedication Immune MOA Type -> T cell Epitope Content -> Disease Indication -> Therapeutic Immune MOA Type -> Dose Level -> Dose Interval -> Year Trial was Completed -> Route of Administration,proxy_order_sensitivity,8,Route of Administration,3,19.91975002008121,1426,1551.1493632998306,0.00017636808203870438,1443,high_ada ~ C(comed) + tcell + C(disease) + C(moa) + dose + dose_interval + trial_year + C(route)
last__C(comed),T cell Epitope Content -> Disease Indication -> Therapeutic Immune MOA Type -> Dose Level -> Dose Interval -> Year Trial was Completed -> Route of Administration -> Comedication Immune MOA Type,proxy_order_sensitivity,1,T cell Epitope Content,1,31.901658359542353,1441,1757.4862282360352,1.6217863572001187e-08,1443,high_ada ~ tcell
last__C(comed),T cell Epitope Content -> Disease Indication -> Therapeutic Immune MOA Type -> Dose Level -> Dose Interval -> Year Trial was Completed -> Route of Administration -> Comedication Immune MOA Type,proxy_order_sensitivity,2,Disease Indication,4,88.23194923402912,1437,1669.2542790020061,3.126122582367848e-18,1443,high_ada ~ tcell + C(disease)
last__C(comed),T cell Epitope Content -> Disease Indication -> Therapeutic Immune MOA Type -> Dose Level -> Dose Interval -> Year Trial was Completed -> Route of Administration -> Comedication Immune MOA Type,proxy_order_sensitivity,3,Therapeutic Immune MOA Type,3,58.98921925492823,1434,1610.2650597470779,9.664152286185342e-13,1443,high_ada ~ tcell + C(disease) + C(moa)
last__C(comed),T cell Epitope Content -> Disease Indication -> Therapeutic Immune MOA Type -> Dose Level -> Dose Interval -> Year Trial was Completed -> Route of Administration -> Comedication Immune MOA Type,proxy_order_sensitivity,4,Dose Level,1,7.2374681855856124,1433,1603.0275915614923,0.007139758951842518,1443,high_ada ~ tcell + C(disease) + C(moa) + dose
last__C(comed),T cell Epitope Content -> Disease Indication -> Therapeutic Immune MOA Type -> Dose Level -> Dose Interval -> Year Trial was Completed -> Route of Administration -> Comedication Immune MOA Type,proxy_order_sensitivity,5,Dose Interval,1,0.5787579995640044,1432,1602.4488335619283,0.4467995576188608,1443,high_ada ~ tcell + C(disease) + C(moa) + dose + dose_interval
last__C(comed),T cell Epitope Content -> Disease Indication -> Therapeutic Immune MOA Type -> Dose Level -> Dose Interval -> Year Trial was Completed -> Route of Administration -> Comedication Immune MOA Type,proxy_order_sensitivity,6,Year Trial was Completed,1,30.93019627296212,1431,1571.5186372889661,2.674775284830713e-08,1443,high_ada ~ tcell + C(disease) + C(moa) + dose + dose_interval + trial_year
last__C(comed),T cell Epitope Content -> Disease Indication -> Therapeutic Immune MOA Type -> Dose Level -> Dose Interval -> Year Trial was Completed -> Route of Administration -> Comedication Immune MOA Type,proxy_order_sensitivity,7,Route of Administration,3,19.79121211225356,1428,1551.7274251767126,0.00018752092511270817,1443,high_ada ~ tcell + C(disease) + C(moa) + dose + dose_interval + trial_year + C(route)
last__C(comed),T cell Epitope Content -> Disease Indication -> Therapeutic Immune MOA Type -> Dose Level -> Dose Interval -> Year Trial was Completed -> Route of Administration -> Comedication Immune MOA Type,proxy_order_sensitivity,8,Comedication Immune MOA Type,2,0.578061876881975,1426,1551.1493632998306,0.7489890324912223,1443,high_ada ~ tcell + C(disease) + C(moa) + dose + dose_interval + trial_year + C(route) + C(comed)
first__dose,Dose Level -> T cell Epitope Content -> Disease Indication -> Therapeutic Immune MOA Type -> Comedication Immune MOA Type -> Dose Interval -> Year Trial was Completed -> Route of Administration,proxy_order_sensitivity,1,Dose Level,1,32.693134661644535,1441,1756.694751933933,1.0791771996377288e-08,1443,high_ada ~ dose
first__dose,Dose Level -> T cell Epitope Content -> Disease Indication -> Therapeutic Immune MOA Type -> Comedication Immune MOA Type -> Dose Interval -> Year Trial was Completed -> Route of Administration,proxy_order_sensitivity,2,T cell Epitope Content,1,44.326071013679666,1440,1712.3686809202534,2.779892843790143e-11,1443,high_ada ~ dose + tcell
first__dose,Dose Level -> T cell Epitope Content -> Disease Indication -> Therapeutic Immune MOA Type -> Comedication Immune MOA Type -> Dose Interval -> Year Trial was Completed -> Route of Administration,proxy_order_sensitivity,3,Disease Indication,4,53.51482843280337,1436,1658.85385248745,6.649387798199054e-11,1443,high_ada ~ dose + tcell + C(disease)
first__dose,Dose Level -> T cell Epitope Content -> Disease Indication -> Therapeutic Immune MOA Type -> Comedication Immune MOA Type -> Dose Interval -> Year Trial was Completed -> Route of Administration,proxy_order_sensitivity,4,Therapeutic Immune MOA Type,3,55.82626092595797,1433,1603.027591561492,4.575317017998845e-12,1443,high_ada ~ dose + tcell + C(disease) + C(moa)
first__dose,Dose Level -> T cell Epitope Content -> Disease Indication -> Therapeutic Immune MOA Type -> Comedication Immune MOA Type -> Dose Interval -> Year Trial was Completed -> Route of Administration,proxy_order_sensitivity,5,Comedication Immune MOA Type,2,0.032269345121221704,1431,1602.9953222163708,0.9839947940331358,1443,high_ada ~ dose + tcell + C(disease) + C(moa) + C(comed)
first__dose,Dose Level -> T cell Epitope Content -> Disease Indication -> Therapeutic Immune MOA Type -> Comedication Immune MOA Type -> Dose Interval -> Year Trial was Completed -> Route of Administration,proxy_order_sensitivity,6,Dose Interval,1,0.5591912599156785,1430,1602.4361309564551,0.45458627985515154,1443,high_ada ~ dose + tcell + C(disease) + C(moa) + C(comed) + dose_interval
first__dose,Dose Level -> T cell Epitope Content -> Disease Indication -> Therapeutic Immune MOA Type -> Comedication Immune MOA Type -> Dose Interval -> Year Trial was Completed -> Route of Administration,proxy_order_sensitivity,7,Year Trial was Completed,1,31.367017636543324,1429,1571.0691133199118,2.1357843138130753e-08,1443,high_ada ~ dose + tcell + C(disease) + C(moa) + C(comed) + dose_interval + trial_year
first__dose,Dose Level -> T cell Epitope Content -> Disease Indication -> Therapeutic Immune MOA Type -> Comedication Immune MOA Type -> Dose Interval -> Year Trial was Completed -> Route of Administration,proxy_order_sensitivity,8,Route of Administration,3,19.91975002008121,1426,1551.1493632998306,0.00017636808203870438,1443,high_ada ~ dose + tcell + C(disease) + C(moa) + C(comed) + dose_interval + trial_year + C(route)
last__dose,T cell Epitope Content -> Disease Indication -> Therapeutic Immune MOA Type -> Comedication Immune MOA Type -> Dose Interval -> Year Trial was Completed -> Route of Administration -> Dose Level,proxy_order_sensitivity,1,T cell Epitope Content,1,31.901658359542353,1441,1757.4862282360352,1.6217863572001187e-08,1443,high_ada ~ tcell
last__dose,T cell Epitope Content -> Disease Indication -> Therapeutic Immune MOA Type -> Comedication Immune MOA Type -> Dose Interval -> Year Trial was Completed -> Route of Administration -> Dose Level,proxy_order_sensitivity,2,Disease Indication,4,88.23194923402912,1437,1669.2542790020061,3.126122582367848e-18,1443,high_ada ~ tcell + C(disease)
last__dose,T cell Epitope Content -> Disease Indication -> Therapeutic Immune MOA Type -> Comedication Immune MOA Type -> Dose Interval -> Year Trial was Completed -> Route of Administration -> Dose Level,proxy_order_sensitivity,3,Therapeutic Immune MOA Type,3,58.98921925492823,1434,1610.2650597470779,9.664152286185342e-13,1443,high_ada ~ tcell + C(disease) + C(moa)
last__dose,T cell Epitope Content -> Disease Indication -> Therapeutic Immune MOA Type -> Comedication Immune MOA Type -> Dose Interval -> Year Trial was Completed -> Route of Administration -> Dose Level,proxy_order_sensitivity,4,Comedication Immune MOA Type,2,0.11622229379645432,1432,1610.1488374532814,0.9435450695006653,1443,high_ada ~ tcell + C(disease) + C(moa) + C(comed)
last__dose,T cell Epitope Content -> Disease Indication -> Therapeutic Immune MOA Type -> Comedication Immune MOA Type -> Dose Interval -> Year Trial was Completed -> Route of Administration -> Dose Level,proxy_order_sensitivity,5,Dose Interval,1,0.5706093569074255,1431,1609.578228096374,0.4500168757530215,1443,high_ada ~ tcell + C(disease) + C(moa) + C(comed) + dose_interval
last__dose,T cell Epitope Content -> Disease Indication -> Therapeutic Immune MOA Type -> Comedication Immune MOA Type -> Dose Interval -> Year Trial was Completed -> Route of Administration -> Dose Level,proxy_order_sensitivity,6,Year Trial was Completed,1,29.27721355123913,1430,1580.3010145451349,6.272902243855016e-08,1443,high_ada ~ tcell + C(disease) + C(moa) + C(comed) + dose_interval + trial_year
last__dose,T cell Epitope Content -> Disease Indication -> Therapeutic Immune MOA Type -> Comedication Immune MOA Type -> Dose Interval -> Year Trial was Completed -> Route of Administration -> Dose Level,proxy_order_sensitivity,7,Route of Administration,3,25.29527982435593,1427,1555.005734720779,1.3393986661346572e-05,1443,high_ada ~ tcell + C(disease) + C(moa) + C(comed) + dose_interval + trial_year + C(route)
last__dose,T cell Epitope Content -> Disease Indication -> Therapeutic Immune MOA Type -> Comedication Immune MOA Type -> Dose Interval -> Year Trial was Completed -> Route of Administration -> Dose Level,proxy_order_sensitivity,8,Dose Level,1,3.8563714209481077,1426,1551.1493632998308,0.049557396637807935,1443,high_ada ~ tcell + C(disease) + C(moa) + C(comed) + dose_interval + trial_year + C(route) + dose
first__dose_interval,Dose Interval -> T cell Epitope Content -> Disease Indication -> Therapeutic Immune MOA Type -> Comedication Immune MOA Type -> Dose Level -> Year Trial was Completed -> Route of Administration,proxy_order_sensitivity,1,Dose Interval,1,0.03430215428625161,1441,1789.3535844412913,0.8530655747800011,1443,high_ada ~ dose_interval
first__dose_interval,Dose Interval -> T cell Epitope Content -> Disease Indication -> Therapeutic Immune MOA Type -> Comedication Immune MOA Type -> Dose Level -> Year Trial was Completed -> Route of Administration,proxy_order_sensitivity,2,T cell Epitope Content,1,31.8674342744589,1440,1757.4861501668324,1.6506144676212225e-08,1443,high_ada ~ dose_interval + tcell
first__dose_interval,Dose Interval -> T cell Epitope Content -> Disease Indication -> Therapeutic Immune MOA Type -> Comedication Immune MOA Type -> Dose Level -> Year Trial was Completed -> Route of Administration,proxy_order_sensitivity,3,Disease Indication,4,90.89768989315507,1436,1666.5884602736774,8.487745511094628e-19,1443,high_ada ~ dose_interval + tcell + C(disease)
first__dose_interval,Dose Interval -> T cell Epitope Content -> Disease Indication -> Therapeutic Immune MOA Type -> Comedication Immune MOA Type -> Dose Level -> Year Trial was Completed -> Route of Administration,proxy_order_sensitivity,4,Therapeutic Immune MOA Type,3,56.942919217402505,1433,1609.6455410562749,2.643002142580295e-12,1443,high_ada ~ dose_interval + tcell + C(disease) + C(moa)
first__dose_interval,Dose Interval -> T cell Epitope Content -> Disease Indication -> Therapeutic Immune MOA Type -> Comedication Immune MOA Type -> Dose Level -> Year Trial was Completed -> Route of Administration,proxy_order_sensitivity,5,Comedication Immune MOA Type,2,0.06731295990084618,1431,1609.578228096374,0.9669035983658606,1443,high_ada ~ dose_interval + tcell + C(disease) + C(moa) + C(comed)
first__dose_interval,Dose Interval -> T cell Epitope Content -> Disease Indication -> Therapeutic Immune MOA Type -> Comedication Immune MOA Type -> Dose Level -> Year Trial was Completed -> Route of Administration,proxy_order_sensitivity,6,Dose Level,1,7.14209713991886,1430,1602.4361309564551,0.0075295054677976606,1443,high_ada ~ dose_interval + tcell + C(disease) + C(moa) + C(comed) + dose
first__dose_interval,Dose Interval -> T cell Epitope Content -> Disease Indication -> Therapeutic Immune MOA Type -> Comedication Immune MOA Type -> Dose Level -> Year Trial was Completed -> Route of Administration,proxy_order_sensitivity,7,Year Trial was Completed,1,31.367017636543324,1429,1571.0691133199118,2.1357843138130753e-08,1443,high_ada ~ dose_interval + tcell + C(disease) + C(moa) + C(comed) + dose + trial_year
first__dose_interval,Dose Interval -> T cell Epitope Content -> Disease Indication -> Therapeutic Immune MOA Type -> Comedication Immune MOA Type -> Dose Level -> Year Trial was Completed -> Route of Administration,proxy_order_sensitivity,8,Route of Administration,3,19.91975002008121,1426,1551.1493632998306,0.00017636808203870438,1443,high_ada ~ dose_interval + tcell + C(disease) + C(moa) + C(comed) + dose + trial_year + C(route)
last__dose_interval,T cell Epitope Content -> Disease Indication -> Therapeutic Immune MOA Type -> Comedication Immune MOA Type -> Dose Level -> Year Trial was Completed -> Route of Administration -> Dose Interval,proxy_order_sensitivity,1,T cell Epitope Content,1,31.901658359542353,1441,1757.4862282360352,1.6217863572001187e-08,1443,high_ada ~ tcell
last__dose_interval,T cell Epitope Content -> Disease Indication -> Therapeutic Immune MOA Type -> Comedication Immune MOA Type -> Dose Level -> Year Trial was Completed -> Route of Administration -> Dose Interval,proxy_order_sensitivity,2,Disease Indication,4,88.23194923402912,1437,1669.2542790020061,3.126122582367848e-18,1443,high_ada ~ tcell + C(disease)
last__dose_interval,T cell Epitope Content -> Disease Indication -> Therapeutic Immune MOA Type -> Comedication Immune MOA Type -> Dose Level -> Year Trial was Completed -> Route of Administration -> Dose Interval,proxy_order_sensitivity,3,Therapeutic Immune MOA Type,3,58.98921925492823,1434,1610.2650597470779,9.664152286185342e-13,1443,high_ada ~ tcell + C(disease) + C(moa)
last__dose_interval,T cell Epitope Content -> Disease Indication -> Therapeutic Immune MOA Type -> Comedication Immune MOA Type -> Dose Level -> Year Trial was Completed -> Route of Administration -> Dose Interval,proxy_order_sensitivity,4,Comedication Immune MOA Type,2,0.11622229379645432,1432,1610.1488374532814,0.9435450695006653,1443,high_ada ~ tcell + C(disease) + C(moa) + C(comed)
last__dose_interval,T cell Epitope Content -> Disease Indication -> Therapeutic Immune MOA Type -> Comedication Immune MOA Type -> Dose Level -> Year Trial was Completed -> Route of Administration -> Dose Interval,proxy_order_sensitivity,5,Dose Level,1,7.153515236910607,1431,1602.9953222163708,0.007481720444031147,1443,high_ada ~ tcell + C(disease) + C(moa) + C(comed) + dose
last__dose_interval,T cell Epitope Content -> Disease Indication -> Therapeutic Immune MOA Type -> Comedication Immune MOA Type -> Dose Level -> Year Trial was Completed -> Route of Administration -> Dose Interval,proxy_order_sensitivity,6,Year Trial was Completed,1,31.382808279689698,1430,1571.6125139366811,2.118484396020977e-08,1443,high_ada ~ tcell + C(disease) + C(moa) + C(comed) + dose + trial_year
last__dose_interval,T cell Epitope Content -> Disease Indication -> Therapeutic Immune MOA Type -> Comedication Immune MOA Type -> Dose Level -> Year Trial was Completed -> Route of Administration -> Dose Interval,proxy_order_sensitivity,7,Route of Administration,3,20.40954780424613,1427,1551.202966132435,0.00013959763893809022,1443,high_ada ~ tcell + C(disease) + C(moa) + C(comed) + dose + trial_year + C(route)
last__dose_interval,T cell Epitope Content -> Disease Indication -> Therapeutic Immune MOA Type -> Comedication Immune MOA Type -> Dose Level -> Year Trial was Completed -> Route of Administration -> Dose Interval,proxy_order_sensitivity,8,Dose Interval,1,0.05360283260415599,1426,1551.1493632998308,0.8169086316250679,1443,high_ada ~ tcell + C(disease) + C(moa) + C(comed) + dose + trial_year + C(route) + dose_interval
first__trial_year,Year Trial was Completed -> T cell Epitope Content -> Disease Indication -> Therapeutic Immune MOA Type -> Comedication Immune MOA Type -> Dose Level -> Dose Interval -> Route of Administration,proxy_order_sensitivity,1,Year Trial was Completed,1,17.393389772277715,1441,1771.9944968232999,3.0388096606252777e-05,1443,high_ada ~ trial_year
first__trial_year,Year Trial was Completed -> T cell Epitope Content -> Disease Indication -> Therapeutic Immune MOA Type -> Comedication Immune MOA Type -> Dose Level -> Dose Interval -> Route of Administration,proxy_order_sensitivity,2,T cell Epitope Content,1,23.311480965464625,1440,1748.6830158578352,1.3777514483131955e-06,1443,high_ada ~ trial_year + tcell
first__trial_year,Year Trial was Completed -> T cell Epitope Content -> Disease Indication -> Therapeutic Immune MOA Type -> Comedication Immune MOA Type -> Dose Level -> Dose Interval -> Route of Administration,proxy_order_sensitivity,3,Disease Indication,4,131.93074180563121,1436,1616.752274052204,1.5047130891728575e-27,1443,high_ada ~ trial_year + tcell + C(disease)
first__trial_year,Year Trial was Completed -> T cell Epitope Content -> Disease Indication -> Therapeutic Immune MOA Type -> Comedication Immune MOA Type -> Dose Level -> Dose Interval -> Route of Administration,proxy_order_sensitivity,4,Therapeutic Immune MOA Type,3,35.58345685430686,1433,1581.1688171978972,9.17154129077835e-08,1443,high_ada ~ trial_year + tcell + C(disease) + C(moa)
first__trial_year,Year Trial was Completed -> T cell Epitope Content -> Disease Indication -> Therapeutic Immune MOA Type -> Comedication Immune MOA Type -> Dose Level -> Dose Interval -> Route of Administration,proxy_order_sensitivity,5,Comedication Immune MOA Type,2,0.32936075180032276,1431,1580.8394564460968,0.8481647546646846,1443,high_ada ~ trial_year + tcell + C(disease) + C(moa) + C(comed)
first__trial_year,Year Trial was Completed -> T cell Epitope Content -> Disease Indication -> Therapeutic Immune MOA Type -> Comedication Immune MOA Type -> Dose Level -> Dose Interval -> Route of Administration,proxy_order_sensitivity,6,Dose Level,1,9.226942509415721,1430,1571.6125139366811,0.0023847954677212154,1443,high_ada ~ trial_year + tcell + C(disease) + C(moa) + C(comed) + dose
first__trial_year,Year Trial was Completed -> T cell Epitope Content -> Disease Indication -> Therapeutic Immune MOA Type -> Comedication Immune MOA Type -> Dose Level -> Dose Interval -> Route of Administration,proxy_order_sensitivity,7,Dose Interval,1,0.5434006167693042,1429,1571.0691133199118,0.461026807549891,1443,high_ada ~ trial_year + tcell + C(disease) + C(moa) + C(comed) + dose + dose_interval
first__trial_year,Year Trial was Completed -> T cell Epitope Content -> Disease Indication -> Therapeutic Immune MOA Type -> Comedication Immune MOA Type -> Dose Level -> Dose Interval -> Route of Administration,proxy_order_sensitivity,8,Route of Administration,3,19.91975002008121,1426,1551.1493632998306,0.00017636808203870438,1443,high_ada ~ trial_year + tcell + C(disease) + C(moa) + C(comed) + dose + dose_interval + C(route)
last__trial_year,T cell Epitope Content -> Disease Indication -> Therapeutic Immune MOA Type -> Comedication Immune MOA Type -> Dose Level -> Dose Interval -> Route of Administration -> Year Trial was Completed,proxy_order_sensitivity,1,T cell Epitope Content,1,31.901658359542353,1441,1757.4862282360352,1.6217863572001187e-08,1443,high_ada ~ tcell
last__trial_year,T cell Epitope Content -> Disease Indication -> Therapeutic Immune MOA Type -> Comedication Immune MOA Type -> Dose Level -> Dose Interval -> Route of Administration -> Year Trial was Completed,proxy_order_sensitivity,2,Disease Indication,4,88.23194923402912,1437,1669.2542790020061,3.126122582367848e-18,1443,high_ada ~ tcell + C(disease)
last__trial_year,T cell Epitope Content -> Disease Indication -> Therapeutic Immune MOA Type -> Comedication Immune MOA Type -> Dose Level -> Dose Interval -> Route of Administration -> Year Trial was Completed,proxy_order_sensitivity,3,Therapeutic Immune MOA Type,3,58.98921925492823,1434,1610.2650597470779,9.664152286185342e-13,1443,high_ada ~ tcell + C(disease) + C(moa)
last__trial_year,T cell Epitope Content -> Disease Indication -> Therapeutic Immune MOA Type -> Comedication Immune MOA Type -> Dose Level -> Dose Interval -> Route of Administration -> Year Trial was Completed,proxy_order_sensitivity,4,Comedication Immune MOA Type,2,0.11622229379645432,1432,1610.1488374532814,0.9435450695006653,1443,high_ada ~ tcell + C(disease) + C(moa) + C(comed)
last__trial_year,T cell Epitope Content -> Disease Indication -> Therapeutic Immune MOA Type -> Comedication Immune MOA Type -> Dose Level -> Dose Interval -> Route of Administration -> Year Trial was Completed,proxy_order_sensitivity,5,Dose Level,1,7.153515236910607,1431,1602.9953222163708,0.007481720444031147,1443,high_ada ~ tcell + C(disease) + C(moa) + C(comed) + dose
last__trial_year,T cell Epitope Content -> Disease Indication -> Therapeutic Immune MOA Type -> Comedication Immune MOA Type -> Dose Level -> Dose Interval -> Route of Administration -> Year Trial was Completed,proxy_order_sensitivity,6,Dose Interval,1,0.5591912599156785,1430,1602.4361309564551,0.45458627985515154,1443,high_ada ~ tcell + C(disease) + C(moa) + C(comed) + dose + dose_interval
last__trial_year,T cell Epitope Content -> Disease Indication -> Therapeutic Immune MOA Type -> Comedication Immune MOA Type -> Dose Level -> Dose Interval -> Route of Administration -> Year Trial was Completed,proxy_order_sensitivity,7,Route of Administration,3,32.0527782390177,1427,1570.3833527174374,5.101127183233999e-07,1443,high_ada ~ tcell + C(disease) + C(moa) + C(comed) + dose + dose_interval + C(route)
last__trial_year,T cell Epitope Content -> Disease Indication -> Therapeutic Immune MOA Type -> Comedication Immune MOA Type -> Dose Level -> Dose Interval -> Route of Administration -> Year Trial was Completed,proxy_order_sensitivity,8,Year Trial was Completed,1,19.233989417607063,1426,1551.1493632998304,1.1563608970863715e-05,1443,high_ada ~ tcell + C(disease) + C(moa) + C(comed) + dose + dose_interval + C(route) + trial_year
first__C(route),Route of Administration -> T cell Epitope Content -> Disease Indication -> Therapeutic Immune MOA Type -> Comedication Immune MOA Type -> Dose Level -> Dose Interval -> Year Trial was Completed,proxy_order_sensitivity,1,Route of Administration,3,120.40536981122523,1439,1668.9825167843524,6.311494088741148e-26,1443,high_ada ~ C(route)
first__C(route),Route of Administration -> T cell Epitope Content -> Disease Indication -> Therapeutic Immune MOA Type -> Comedication Immune MOA Type -> Dose Level -> Dose Interval -> Year Trial was Completed,proxy_order_sensitivity,2,T cell Epitope Content,1,37.74476206563122,1438,1631.2377547187211,8.063293441309426e-10,1443,high_ada ~ C(route) + tcell
first__C(route),Route of Administration -> T cell Epitope Content -> Disease Indication -> Therapeutic Immune MOA Type -> Comedication Immune MOA Type -> Dose Level -> Dose Interval -> Year Trial was Completed,proxy_order_sensitivity,3,Disease Indication,4,23.546350465705018,1434,1607.6914042530161,9.846317418036118e-05,1443,high_ada ~ C(route) + tcell + C(disease)
first__C(route),Route of Administration -> T cell Epitope Content -> Disease Indication -> Therapeutic Immune MOA Type -> Comedication Immune MOA Type -> Dose Level -> Dose Interval -> Year Trial was Completed,proxy_order_sensitivity,4,Therapeutic Immune MOA Type,3,34.9979677512938,1431,1572.6934365017223,1.2194546832588412e-07,1443,high_ada ~ C(route) + tcell + C(disease) + C(moa)
first__C(route),Route of Administration -> T cell Epitope Content -> Disease Indication -> Therapeutic Immune MOA Type -> Comedication Immune MOA Type -> Dose Level -> Dose Interval -> Year Trial was Completed,proxy_order_sensitivity,5,Comedication Immune MOA Type,2,0.035414242401429874,1429,1572.658022259321,0.9824487286301752,1443,high_ada ~ C(route) + tcell + C(disease) + C(moa) + C(comed)
first__C(route),Route of Administration -> T cell Epitope Content -> Disease Indication -> Therapeutic Immune MOA Type -> Comedication Immune MOA Type -> Dose Level -> Dose Interval -> Year Trial was Completed,proxy_order_sensitivity,6,Dose Level,1,2.110693019573773,1428,1570.5473292397471,0.14627306196435003,1443,high_ada ~ C(route) + tcell + C(disease) + C(moa) + C(comed) + dose
first__C(route),Route of Administration -> T cell Epitope Content -> Disease Indication -> Therapeutic Immune MOA Type -> Comedication Immune MOA Type -> Dose Level -> Dose Interval -> Year Trial was Completed,proxy_order_sensitivity,7,Dose Interval,1,0.16397652230966742,1427,1570.3833527174374,0.685521507304908,1443,high_ada ~ C(route) + tcell + C(disease) + C(moa) + C(comed) + dose + dose_interval
first__C(route),Route of Administration -> T cell Epitope Content -> Disease Indication -> Therapeutic Immune MOA Type -> Comedication Immune MOA Type -> Dose Level -> Dose Interval -> Year Trial was Completed,proxy_order_sensitivity,8,Year Trial was Completed,1,19.233989417606836,1426,1551.1493632998306,1.156360897086509e-05,1443,high_ada ~ C(route) + tcell + C(disease) + C(moa) + C(comed) + dose + dose_interval + trial_year
