comparator_id,binary_identical_to_user,all_sheet_values_identical_to_user,sheet,user_rows,comparator_rows,user_columns,comparator_columns,exact_cell_values,differing_cells,user_value_sha256,comparator_value_sha256
author_github_v1_00,True,True,Licensing,2,2,1,1,True,0,CB4056E558FDA3E0CC2C036F524D427D48298AC997BACD9FD643D43E54854959,CB4056E558FDA3E0CC2C036F524D427D48298AC997BACD9FD643D43E54854959
author_github_v1_00,True,True,Therapeutic,219,219,24,24,True,0,5680DC11BB8C4DFAC28A1A86D46EC75E9C0707AACDA5BA60467E4441A8AFF4A3,5680DC11BB8C4DFAC28A1A86D46EC75E9C0707AACDA5BA60467E4441A8AFF4A3
author_github_v1_00,True,True,Sequence,223,223,8,8,True,0,1A0DFB537497D53205736AEA0A678F1C5AAC4369896CB0782EC7D9B4F18B4958,1A0DFB537497D53205736AEA0A678F1C5AAC4369896CB0782EC7D9B4F18B4958
author_github_v1_00,True,True,Clinical Trial,3335,3335,43,43,True,0,FC9644B92B1E8BD26F8CDB35E7E267D38C8E0EF1F2AA47543516D624DCC3A5DB,FC9644B92B1E8BD26F8CDB35E7E267D38C8E0EF1F2AA47543516D624DCC3A5DB
author_github_v1_00,True,True,Variables Explained,80,80,2,2,True,0,29289793980B7144EB5D6021CA79AA368E53F5490268EA3ACC0F98FECEC8A2B9,29289793980B7144EB5D6021CA79AA368E53F5490268EA3ACC0F98FECEC8A2B9
author_github_v1_00,True,True,Controlled Language,16,16,20,20,True,0,1631BD78EC6E8C5E4A7259FCABE5C1D004AD5B50972E746C64C0ADA498CA8B4C,1631BD78EC6E8C5E4A7259FCABE5C1D004AD5B50972E746C64C0ADA498CA8B4C
frontiers_table_2,False,True,Licensing,2,2,1,1,True,0,CB4056E558FDA3E0CC2C036F524D427D48298AC997BACD9FD643D43E54854959,CB4056E558FDA3E0CC2C036F524D427D48298AC997BACD9FD643D43E54854959
frontiers_table_2,False,True,Therapeutic,219,219,24,24,True,0,5680DC11BB8C4DFAC28A1A86D46EC75E9C0707AACDA5BA60467E4441A8AFF4A3,5680DC11BB8C4DFAC28A1A86D46EC75E9C0707AACDA5BA60467E4441A8AFF4A3
frontiers_table_2,False,True,Sequence,223,223,8,8,True,0,1A0DFB537497D53205736AEA0A678F1C5AAC4369896CB0782EC7D9B4F18B4958,1A0DFB537497D53205736AEA0A678F1C5AAC4369896CB0782EC7D9B4F18B4958
frontiers_table_2,False,True,Clinical Trial,3335,3335,43,43,True,0,FC9644B92B1E8BD26F8CDB35E7E267D38C8E0EF1F2AA47543516D624DCC3A5DB,FC9644B92B1E8BD26F8CDB35E7E267D38C8E0EF1F2AA47543516D624DCC3A5DB
frontiers_table_2,False,True,Variables Explained,80,80,2,2,True,0,29289793980B7144EB5D6021CA79AA368E53F5490268EA3ACC0F98FECEC8A2B9,29289793980B7144EB5D6021CA79AA368E53F5490268EA3ACC0F98FECEC8A2B9
frontiers_table_2,False,True,Controlled Language,16,16,20,20,True,0,1631BD78EC6E8C5E4A7259FCABE5C1D004AD5B50972E746C64C0ADA498CA8B4C,1631BD78EC6E8C5E4A7259FCABE5C1D004AD5B50972E746C64C0ADA498CA8B4C
