scenario_id,term,coefficient,standard_error,z_value,p_value,odds_ratio,odds_ratio_ci_low,odds_ratio_ci_high,odds_ratio_was_clipped,n_complete
one_row_per_molecule_disease_category,Intercept,2.154889795993666,2.012366829117954,1.070823552054961,0.2842487748906938,8.626939403295426,0.16708097350992257,445.4372146910635,False,78
one_row_per_molecule_disease_category,C(disease)[T.Infectious diseases],-19.366778565935068,48196.1424493553,-0.0004018325447163278,0.999679384025171,3.882531040597588e-09,9.357622968840175e-14,10686474581524.463,True,78
one_row_per_molecule_disease_category,C(disease)[T.Inflammation and autoimmunity],-4.154903764720944,2.0862514992865466,-1.9915641839643172,0.046418896393123674,0.015687300728744805,0.0002628619506637362,0.9362001747787674,False,78
one_row_per_molecule_disease_category,C(disease)[T.Other],-3.788903259600711,1.9898483562196052,-1.9041165864513532,0.05689500199733061,0.022620396954928883,0.00045786582628144583,1.117537778598112,False,78
one_row_per_molecule_disease_category,C(disease)[T.Solid tumor],-2.860025045034951,1.8527418118272823,-1.5436716690785033,0.12266789299223584,0.057267325985325766,0.001516527239568696,2.1625372363520996,False,78
one_row_per_molecule_disease_category,C(moa)[T.Other],-2.030176240651273,1.2467172546825411,-1.6284175365554145,0.10343638167185308,0.13131237653028177,0.011405071446984083,1.5118660422412487,False,78
one_row_per_molecule_disease_category,C(moa)[T.T/B cell activator],-1.29968902641401,1.5727629417868383,-0.8263731245710907,0.40859246405176974,0.2726165564018898,0.012497236382278391,5.946897742113078,False,78
one_row_per_molecule_disease_category,C(moa)[T.T/B cell depletor],-24.60278647960694,12331.051519508503,-0.00199518965926659,0.9984080700311854,2.0660726679317708e-11,9.357622968840175e-14,10686474581524.463,True,78
one_row_per_molecule_disease_category,C(comed)[T.No co-medications],0.7524303001367467,1.450651762344107,0.5186843043025675,0.6039809087951062,2.1221512189910596,0.12358885497030755,36.439578612061894,False,78
one_row_per_molecule_disease_category,C(comed)[T.Non-immune suppressors],-0.18533934659415643,1.726253415936562,-0.10736508607781806,0.9144993516376797,0.8308222992919677,0.028191525228426606,24.484865129069725,False,78
one_row_per_molecule_disease_category,C(route)[T.Ophthalmic],-20.35294020551395,48196.14234090341,-0.00042229396829216115,0.9996630581725942,1.4482061193239246e-09,9.357622968840175e-14,10686474581524.463,True,78
one_row_per_molecule_disease_category,C(route)[T.Other],-17.359808664825696,48196.14235581825,-0.0003601908330476581,0.9997126093015828,2.8888892310529733e-08,9.357622968840175e-14,10686474581524.463,True,78
one_row_per_molecule_disease_category,C(route)[T.Subcutaneous],-0.6718053282335275,1.127683183571028,-0.5957394222250663,0.5513493179823448,0.5107856092250067,0.05602127475778038,4.65719389141759,False,78
one_row_per_molecule_disease_category,tcell,-0.18500590986673243,0.41146497826685396,-0.44962735503274737,0.6529791602160617,0.8310993721510811,0.371033676532552,1.8616266125625436,False,78
one_row_per_molecule_disease_category,dose,-1.4853470879864026,0.9449719044977143,-1.571842592268303,0.11598706098386197,0.226423738076926,0.035527153512431145,1.443057044994881,False,78
one_row_per_molecule_disease_category,dose_interval,-0.9813973596170227,0.915457912592344,-1.0720289224853112,0.28370704161171034,0.3747870205262649,0.062308221371841103,2.254362388499109,False,78
one_row_per_molecule_disease_category,trial_year,0.3284594472298173,0.46429048762549774,0.7074438438522492,0.4792906987271005,1.38882691840726,0.5590405954649862,3.4502685939797963,False,78
