scenario_id,molecule_key,Molecule Assessed for ADA INN Name,Disease Indication Category,Disease Indication Description,replication_row_key,source_excel_row,IDC Row identifier,Trial ID,External Source Identifier,Therapeutic Assessed for ADA ID,Manually Audited,manually_audited_bool,model_ready_proxy,selection_tier,selection_tier_description,group_source_rows,group_audited_rows,group_model_ready_rows,group_ada_median,group_ada_min,group_ada_max,ada_distance_from_group_median,Number of Patients analyzed for ADA,ada_frequency_percent,high_ada,therapeutic_moa_type_proxy,disease_indication_group_proxy,sequence_length_proxy,dose_interval_days_proxy,route_group_proxy,comedication_moa_type_proxy,dose_level_proxy,trial_year_completed,dose_unit_parsed,dose_proxy_assumption,interval_parse_rule
one_row_per_molecule,a-dmdt390-bisfv,A-dmDT390-bisFV,Cancer and neoplasms,T-Cell Lymphoma,CT0617_A1_001__source_row_2,2,CT0617_A1_001,CT0617,NCT00611208,PR_0011,False,False,False,4,neither audited nor proxy-model complete,1,0,0,100.0,100.0,100.0,0.0,30.0,100.0,1,T/B cell depletor,Hematological malignancy,,,Intravenous,No co-medications,0.48125,2016.0,μg/kg,proxy conversion: per-kg dose multiplied by 70 kg,no deterministic cadence recognized
one_row_per_molecule,adalimumab,Adalimumab,Inflammation and autoimmunity,Moderate To Severe Rheumatoid Arthritis,CT0518_A2_004__source_row_1541,1541,CT0518_A2_004,CT0518,NCT03052322,PR_0003,True,True,True,1,audited and proxy-model complete,150,60,133,46.75,0.0,92.9,1.8500000000000014,140.0,48.6,1,Anti-inflammation,Inflammation and autoimmunity,1330.0,14.0,Subcutaneous,No co-medications,40.0,2018.0,mg,direct mass dose,every other week
one_row_per_molecule,aflibercept,Aflibercept,Unspecified,Neovascular Amd Of All Subtypes,CT0012_A2_001__source_row_44,44,CT0012_A2_001,CT0012,2007-000583-25,PR_0015,True,True,False,3,audited but proxy-model incomplete,3,3,0,2.9,1.0,3.4,0.0,310.0,2.9,0,Other,Other,,28.0,Ophthalmic,No co-medications,2.0,2011.0,mg,direct mass dose,qN weeks
one_row_per_molecule,agalsidase alfa,Agalsidase alfa,Unspecified,Fabry Disease,CT0615_A1_001__source_row_3140,3140,CT0615_A1_001,CT0615,EU/1/01/189/001-003,PR_0016,True,True,False,3,audited but proxy-model incomplete,2,2,0,15.5,7.0,24.0,8.5,,24.0,1,Other,Other,398.0,,Intravenous,No co-medications,14.0,2001.0,mg/kg,proxy conversion: per-kg dose multiplied by 70 kg,no deterministic cadence recognized
one_row_per_molecule,alemtuzumab,Alemtuzumab,Neurological,Multiple Sclerosis,CT0657_A1_001__source_row_17,17,CT0657_A1_001,CT0657,4163684,PR_0022,True,True,False,3,audited but proxy-model incomplete,10,8,0,45.5,0.0,83.0,16.5,811.0,62.0,1,T/B cell depletor,Other,1330.0,,Intravenous,Non-immune suppressors,12.0,,mg,direct mass dose,no deterministic cadence recognized
one_row_per_molecule,alglucosidase alfa,Alglucosidase alfa,Unspecified,Pompe Disease,CT0664_A1_001__source_row_3135,3135,CT0664_A1_001,CT0664,5351253-Infantile,PR_0023,True,True,False,3,audited but proxy-model incomplete,3,3,0,89.0,78.7,100.0,0.0,38.0,89.0,1,Other,Other,883.0,,Intravenous,No co-medications,2800.0,2010.0,mg/kg,proxy conversion: per-kg dose multiplied by 70 kg,no deterministic cadence recognized
one_row_per_molecule,alirocumab,Alirocumab,Cardiovascular,Homozygous Familial Hypercholesterolemia,CT0530_A2_001__source_row_2742,2742,CT0530_A2_001,CT0530,NCT03156621,PR_0025,False,False,True,2,proxy-model complete,6,2,3,3.6333333335000004,0.0,6.3,1.3606060605000003,44.0,2.272727273,0,Other,Other,1334.0,14.0,Subcutaneous,No co-medications,150.0,2020.0,mg,direct mass dose,qN weeks
one_row_per_molecule,atezolizumab,Atezolizumab,Cancer and neoplasms,Triple-Negative Breast Cancer,CT0526_A1_002__source_row_2729,2729,CT0526_A1_002,CT0526,NCT03125902,PR_0048,True,True,True,1,audited and proxy-model complete,104,42,52,13.128947369999999,0.0,100.0,1.5710526300000005,334.0,14.7,1,T/B cell activator,Solid tumor,2100.0,28.0,Intravenous,No co-medications,90.0,2023.0,mg,direct mass dose,N-day cycle
one_row_per_molecule,atr-107,ATR-107,Healthy Volunteer,Healthy Volunteer,CT0659_A2_001__source_row_27,27,CT0659_A2_001,CT0659,10.1002/jcph.158,PR_0050,True,True,False,3,audited but proxy-model incomplete,8,8,0,83.0,50.0,100.0,0.0,6.0,83.0,1,Other,Other,1114.0,,Subcutaneous,No co-medications,10.0,2013.0,mg,direct mass dose,no deterministic cadence recognized
one_row_per_molecule,avelumab,Avelumab,Cancer and neoplasms,"Carcinoma, Merkel Cell",CT0354_A2_001__source_row_1822,1822,CT0354_A2_001,CT0354,NCT02155647,PR_0052,True,True,True,1,audited and proxy-model complete,69,39,54,7.3,0.0,50.0,0.0,110.0,7.3,0,T/B cell activator,Solid tumor,1332.0,14.0,Intravenous,No co-medications,700.0,2023.0,mg/kg,proxy conversion: per-kg dose multiplied by 70 kg,every N weeks
one_row_per_molecule,belimumab,Belimumab,Inflammation and autoimmunity,Systemic Lupus Erythematosus,CT0345_A2_001__source_row_1788,1788,CT0345_A2_001,CT0345,NCT02119156,PR_0061,True,True,True,1,audited and proxy-model complete,13,13,1,0.0,0.0,4.09,0.0,29.0,0.0,0,T/B cell activator,Inflammation and autoimmunity,1334.0,28.0,Intravenous,Non-immune suppressors,700.0,2018.0,mg/kg,proxy conversion: per-kg dose multiplied by 70 kg,every N weeks
one_row_per_molecule,benralizumab,Benralizumab,Inflammation and autoimmunity,Asthma,CT0486_A1_002__source_row_2515,2515,CT0486_A1_002,CT0486,NCT02808819,PR_0062,True,True,True,1,audited and proxy-model complete,36,24,24,8.45,0.0,42.0,0.14999999999999858,218.0,8.3,0,Anti-inflammation,Inflammation and autoimmunity,1330.0,28.0,Subcutaneous,Immune suppressors,30.0,2020.0,mg,direct mass dose,qN weeks
one_row_per_molecule,bermekimab,Bermekimab,Inflammation and autoimmunity,Atopic Dermatitis,CT0610_A3_001__source_row_3228,3228,CT0610_A3_001,CT0610,NCT04791319,PR_0439,False,False,False,4,neither audited nor proxy-model complete,5,0,0,9.1,0.0,40.0,0.0,22.0,9.1,0,Anti-inflammation,Inflammation and autoimmunity,,7.0,Subcutaneous,No co-medications,700.0,2022.0,mg,direct mass dose,weekly
one_row_per_molecule,bevacizumab,Bevacizumab,Cancer and neoplasms,"Carcinoma, Non-Small-Cell Lung",CT0488_A1_002__source_row_2536,2536,CT0488_A1_002,CT0488,NCT02810457,PR_0430,True,True,True,1,audited and proxy-model complete,53,23,13,1.47,0.0,36.84210526,0.8299999999999998,305.0,2.3,0,Other,Solid tumor,1334.0,21.0,Intravenous,Non-immune suppressors,1050.0,2022.0,mg/kg,proxy conversion: per-kg dose multiplied by 70 kg,N-day cycle
one_row_per_molecule,bezlotoxumab,Bezlotoxumab,Musculoskeletal,Sporadic Inclusion Body Myositis,CT0437_A2_001__source_row_2209,2209,CT0437_A2_001,CT0437,NCT02573467,PR_0073,False,False,True,2,proxy-model complete,5,0,4,0.4,0.0,5.4,0.0,40.0,0.4,0,Other,Other,1328.0,28.0,Intravenous,No co-medications,210.0,2017.0,mg/kg,proxy conversion: per-kg dose multiplied by 70 kg,qN weeks
one_row_per_molecule,bimekizumab,Bimekizumab,Non-inflammatory skin diseases,Hidradenitis Suppurativa,CT0538_A1_002__source_row_865,865,CT0538_A1_002,CT0538,NCT03248531,PR_0451,True,True,False,3,audited but proxy-model incomplete,5,5,0,4.4,0.0,13.9,0.0,45.0,4.4,0,Anti-inflammation,Other,,14.0,Subcutaneous,No co-medications,640.0,2019.0,mg,direct mass dose,median difference in listed weeks
one_row_per_molecule,blinatumomab,Blinatumomab,Cancer and neoplasms,Acute Lymphoblastic Leukemia,CT0564_A1_001__source_row_2852,2852,CT0564_A1_001,CT0564,NCT03476239,PR_0075,False,False,True,2,proxy-model complete,13,1,2,0.0,0.0,2.923976608,0.0,91.0,0.0,0,T/B cell depletor,Hematological malignancy,504.0,14.0,Intravenous,Immune suppressors,0.009,2021.0,ug,direct mass dose,median difference in repeated week labels
one_row_per_molecule,bococizumab,Bococizumab,Cardiovascular,Hypercholesterolemia,CT0334_A2_001__source_row_1728,1728,CT0334_A2_001,CT0334,NCT02055976,PR_0076,True,True,True,1,audited and proxy-model complete,51,13,30,33.3,0.0,100.0,8.299999999999997,24.0,25.0,1,Other,Other,1316.0,14.0,Subcutaneous,Non-immune suppressors,100.0,2015.0,mg,direct mass dose,every N weeks
one_row_per_molecule,brentuximab vedotin,Brentuximab vedotin,Cancer and neoplasms,"Disease, Hodgkin
Lymphoma, Large-Cell, Anaplastic
Lymphoma, Non-Hodgkin",CT0652_A2_001__source_row_3255,3255,CT0652_A2_001,CT0652,NCT00947856,PR_0010,True,True,True,1,audited and proxy-model complete,8,3,8,18.2388023369036,0.0,38.70967741935484,0.9919668938656301,78.0,19.23076923076923,1,Anti-inflammation,Hematological malignancy,1328.0,21.0,Intravenous,No co-medications,126.0,2013.0,mg/kg,proxy conversion: per-kg dose multiplied by 70 kg,qN weeks
one_row_per_molecule,brodalumab,Brodalumab,Inflammation and autoimmunity,Crohn'S Disease,CT0182_A1_001__source_row_912,912,CT0182_A1_001,CT0182,NCT01199302,PR_0079,True,True,True,1,audited and proxy-model complete,21,14,9,9.090909091,0.0,20.0,9.090909091,20.0,0.0,0,Anti-inflammation,Inflammation and autoimmunity,1322.0,28.0,Intravenous,No co-medications,350.0,2011.0,mg,direct mass dose,qN weeks
one_row_per_molecule,brolucizumab,Brolucizumab,Unspecified,Diabetic Macular Edema,CT0059_A1_002__source_row_267,267,CT0059_A1_002,CT0059,2017-003960-11,PR_0080,True,True,False,3,audited but proxy-model incomplete,14,2,0,65.475423045,15.08379888,75.0,13.520115785000002,179.0,51.95530726,1,Other,Other,,,Ophthalmic,No co-medications,6.0,2021.0,mg,direct mass dose,no deterministic cadence recognized
one_row_per_molecule,burosumab,Burosumab,Musculoskeletal,X-Linked Hypophosphatemia,CT0061_A2_001__source_row_271,271,CT0061_A2_001,CT0061,2018-000202-37,PR_0081,False,False,False,4,neither audited nor proxy-model complete,4,0,0,13.025210085,5.555555556,20.0,1.2605042050000002,17.0,11.76470588,1,Other,Other,,,Subcutaneous,No co-medications,28.0,2022.0,mg/kg,proxy conversion: per-kg dose multiplied by 70 kg,no deterministic cadence recognized
one_row_per_molecule,cabiralizumab,Cabiralizumab,Cancer and neoplasms,"Advanced Solid Tumors
Head And Neck Cancer
Pancreatic Cancer
Ovarian Cancer
Renal Cell Carcinoma
Malignant Glioma
Non-Small Cell Lung Cancer",CT0424_A3_002__source_row_2092,2092,CT0424_A3_002,CT0424,NCT02526017,PR_0438,True,True,False,3,audited but proxy-model incomplete,8,8,0,0.0,0.0,33.3,0.0,10.0,0.0,0,Anti-inflammation,Solid tumor,,14.0,Intravenous,No co-medications,420.0,2019.0,mg/kg,proxy conversion: per-kg dose multiplied by 70 kg,qN weeks
one_row_per_molecule,canakinumab,Canakinumab,Inflammation and autoimmunity,"Cryopyrin-Associated Periodic Syndromes
Familial Cold Autoinflammatory Syndrome
Muckle Wells Syndrome
Neonatal Onset Multisystem Inflammatory Disease",CT0106_A1_001__source_row_511,511,CT0106_A1_001,CT0106,NCT00685373,PR_0084,False,False,True,2,proxy-model complete,21,0,19,0.0,0.0,10.0,0.0,156.0,0.0,0,Anti-inflammation,Inflammation and autoimmunity,864.0,56.0,Subcutaneous,No co-medications,140.0,2010.0,mg/kg,proxy conversion: per-kg dose multiplied by 70 kg,qN weeks
one_row_per_molecule,cemiplimab,Cemiplimab,Cancer and neoplasms,Metastatic Basal Cell Carcinoma,CT0529_A1_002__source_row_2738,2738,CT0529_A1_002,CT0529,NCT03132636,PR_0087,True,True,True,1,audited and proxy-model complete,5,3,3,1.3,0.0,4.9,1.3,52.0,0.0,0,T/B cell activator,Solid tumor,1316.0,21.0,Intravenous,No co-medications,350.0,2023.0,mg,direct mass dose,qN weeks
one_row_per_molecule,cetuximab,Cetuximab,Cancer and neoplasms,Advanced Solid Tumors,CT0458_A13_003__source_row_2383,2383,CT0458_A13_003,CT0458,NCT02671435,PR_0092,True,True,True,1,audited and proxy-model complete,8,4,6,1.15,0.0,4.705882353,1.15,35.0,0.0,0,T/B cell activator,Solid tumor,898.0,14.0,Intravenous,Non-immune suppressors,750.0,2023.0,mg,direct mass dose,qN weeks
one_row_per_molecule,daclizumab,Daclizumab,Neurological,Relapsing-Remitting Multiple Sclerosis,CT0161_A1_001__source_row_803,803,CT0161_A1_001,CT0161,NCT01051349,PR_0106,False,False,False,4,neither audited nor proxy-model complete,11,0,0,10.6,0.0,30.97345133,0.0,407.0,10.6,1,Anti-inflammation,Other,,28.0,Subcutaneous,No co-medications,150.0,2016.0,mg,direct mass dose,qN weeks
one_row_per_molecule,daratumumab,Daratumumab,Cancer and neoplasms,Advanced Cancer,CT0524_A3_004__source_row_2725,2725,CT0524_A3_004,CT0524,NCT03098550,PR_0108,True,True,True,1,audited and proxy-model complete,13,3,10,0.0,0.0,0.0,0.0,33.0,0.0,0,Other,Solid tumor,1332.0,14.0,Intravenous,Non-immune suppressors,240.0,2020.0,mg,direct mass dose,qN weeks
one_row_per_molecule,denileukin difitox,Denileukin difitox,Cancer and neoplasms,Cutaneous T-Cell Lymphoma,CT0712_A1_003__source_row_3148,3148,CT0712_A1_003,CT0712,4558164-Study2,PR_0111,True,True,False,3,audited but proxy-model incomplete,6,6,0,95.5,66.0,100.0,1.5,131.0,97.0,1,Other,Hematological malignancy,,,Intravenous,No co-medications,1.26,1999.0,mcg/kg,proxy conversion: per-kg dose multiplied by 70 kg,no deterministic cadence recognized
one_row_per_molecule,denosumab,Denosumab,Musculoskeletal,"Osteopenia
Osteoporosis",CT0088_A2_001__source_row_435,435,CT0088_A2_001,CT0088,NCT00523341,PR_0112,False,False,True,2,proxy-model complete,34,10,11,0.0,0.0,40.9,0.0,2343.0,0.0,0,Other,Other,1334.0,42.0,Subcutaneous,No co-medications,60.0,2015.0,mg,direct mass dose,qN weeks
one_row_per_molecule,dupilumab,Dupilumab,Inflammation and autoimmunity,Asthma,CT0498_A2_001__source_row_2584,2584,CT0498_A2_001,CT0498,NCT02948959,PR_0118,True,True,True,1,audited and proxy-model complete,42,35,29,4.73880597,0.0,50.71428571,0.33880596999999923,91.0,4.4,0,Anti-inflammation,Inflammation and autoimmunity,1340.0,14.0,Subcutaneous,Non-immune suppressors,100.0,2020.0,mg,direct mass dose,qN weeks
one_row_per_molecule,durvalumab,Durvalumab,Cancer and neoplasms,Non Small Cell Lung Carcinoma Nsclc,CT0431_A2_002__source_row_2185,2185,CT0431_A2_002,CT0431,NCT02542293,PR_0119,True,True,True,1,audited and proxy-model complete,93,60,82,1.6,0.0,33.3,0.0,61.0,1.6,0,T/B cell activator,Solid tumor,1330.0,28.0,Intravenous,Non-immune suppressors,70.0,2023.0,mg/kg,proxy conversion: per-kg dose multiplied by 70 kg,qN weeks
one_row_per_molecule,eculizumab,Eculizumab,Blood Disorders,Paroxysmal Nocturnal Hemoglobinuria,CT0586_A2_001__source_row_2962,2962,CT0586_A2_001,CT0586,NCT03818607,PR_0126,True,True,False,3,audited but proxy-model incomplete,4,4,0,0.0,0.0,9.1,0.0,22.0,0.0,0,Anti-inflammation,Other,1324.0,,Intravenous,Non-immune suppressors,900.0,2022.0,mg,direct mass dose,no deterministic cadence recognized
one_row_per_molecule,efalizumab,Efalizumab,Inflammation and autoimmunity,Plaque Psoriasis,CT0001_A1_006__source_row_7,7,CT0001_A1_006,CT0001,2004-001236-23,PR_0127,False,False,False,4,neither audited nor proxy-model complete,5,0,0,3.6,0.0,11.8,0.0,112.0,3.6,0,Other,Inflammation and autoimmunity,,,Subcutaneous,No co-medications,,2007.0,,no recognized mass dose,no deterministic cadence recognized
one_row_per_molecule,elotuzumab,Elotuzumab,Cancer and neoplasms,Multiple Myeloma,CT0215_A3_002__source_row_1043,1043,CT0215_A3_002,CT0215,NCT01393964,PR_0131,True,True,True,1,audited and proxy-model complete,8,3,5,16.025641025,0.0,100.0,0.6410256450000027,6.0,16.66666667,1,Other,Hematological malignancy,1326.0,28.0,Intravenous,Immune suppressors,700.0,2016.0,mg/kg,proxy conversion: per-kg dose multiplied by 70 kg,every N days
one_row_per_molecule,emapalumab,Emapalumab,Inflammation and autoimmunity,"Macrophage Activation Syndrome
Lymphohistiocytosis, Hemophagocytic
Arthritis, Juvenile
Adult Onset Still Disease",CT0547_A1_001__source_row_2793,2793,CT0547_A1_001,CT0547,NCT03311854,PR_0133,False,False,True,2,proxy-model complete,1,0,1,0.0,0.0,0.0,0.0,14.0,0.0,0,Other,Inflammation and autoimmunity,1340.0,3.0,Intravenous,No co-medications,420.0,2020.0,mg/kg,proxy conversion: per-kg dose multiplied by 70 kg,qN days
one_row_per_molecule,emibetuzumab,Emibetuzumab,Cancer and neoplasms,"Advanced Cancer
Gastric Adenocarcinoma
Gastroesophageal Junction Adenocarcinoma
Hepatocellular Cancer
Renal Cell Carcinoma
Non-Small Cell Lung Cancer",CT0339_A3_002__source_row_1753,1753,CT0339_A3_002,CT0339,NCT02082210,PR_0443,True,True,False,3,audited but proxy-model incomplete,6,6,0,0.0,0.0,7.142857143,0.0,15.0,0.0,0,Other,Solid tumor,,14.0,Intravenous,Non-immune suppressors,560.0,2018.0,mg/kg,proxy conversion: per-kg dose multiplied by 70 kg,median difference in listed days
one_row_per_molecule,eptinezumab,Eptinezumab,Neurological,Migraine Disorder,CT0508_A1_008__source_row_2648,2648,CT0508_A1_008,CT0508,NCT02985398,PR_0138,False,False,False,4,neither audited nor proxy-model complete,9,0,0,5.3,0.0,17.5,0.0,113.0,5.3,0,Other,Other,,84.0,Intravenous,No co-medications,,2019.0,,no recognized mass dose,median difference in repeated week labels
one_row_per_molecule,erenumab,Erenumab,Neurological,"Migraine, Healthy Subjects",CT0264_A4_001__source_row_1327,1327,CT0264_A4_001,CT0264,NCT01723514,PR_0139,True,True,True,1,audited and proxy-model complete,37,8,25,3.7,0.0,33.3,3.7,6.0,0.0,0,Other,Other,1344.0,28.0,Subcutaneous,No co-medications,140.0,2014.0,mg,direct mass dose,median difference in listed days
one_row_per_molecule,etanercept,Etanercept,Inflammation and autoimmunity,Psoriasis,CT0727_A1_001__source_row_3322,3322,CT0727_A1_001,CT0727,10.1056/NEJMoa030409,PR_0142,True,True,True,1,audited and proxy-model complete,8,7,4,3.1500000000000004,0.0,18.3,1.4500000000000004,486.0,1.7,0,Anti-inflammation,Inflammation and autoimmunity,934.0,7.0,Subcutaneous,No co-medications,25.0,2003.0,mg,direct mass dose,weekly
one_row_per_molecule,etrolizumab,Etrolizumab,Inflammation and autoimmunity,Ulcerative Colitis,CT0357_A1_002__source_row_1838,1838,CT0357_A1_002,CT0357,NCT02163759,PR_0453,True,True,False,3,audited but proxy-model incomplete,3,2,0,18.8,18.4,35.20408163,0.0,144.0,18.8,1,Anti-inflammation,Inflammation and autoimmunity,,28.0,Subcutaneous,Immune suppressors,105.0,2020.0,mg,direct mass dose,qN weeks
one_row_per_molecule,evolocumab,Evolocumab,Cardiovascular,Heterozygous Familial Hypercholesterolemia,CT0390_A1_001__source_row_1958,1958,CT0390_A1_001,CT0390,NCT02392559,PR_0150,False,False,True,2,proxy-model complete,28,0,1,0.0,0.0,16.66666667,0.0,104.0,0.0,0,Other,Other,1312.0,30.4375,Subcutaneous,No co-medications,420.0,2019.0,mg,direct mass dose,monthly compact
one_row_per_molecule,faricimab,Faricimab,Unspecified,"Neovascularization, Choroidal
Macular Degeneration, Age-Related",CT0516_A2_001__source_row_2669,2669,CT0516_A2_001,CT0516,NCT03038880,PR_0448,False,False,False,4,neither audited nor proxy-model complete,2,0,0,8.55,4.2,12.9,4.35,31.0,12.9,1,Other,Other,,28.0,Ophthalmic,No co-medications,6.0,2018.0,mg,direct mass dose,qN weeks
one_row_per_molecule,fremanezumab,Fremanezumab,Neurological,Post-Traumatic Headache,CT0553_A1_001__source_row_2811,2811,CT0553_A1_001,CT0553,NCT03347188,PR_0160,False,False,False,4,neither audited nor proxy-model complete,1,0,0,0.0,0.0,0.0,0.0,44.0,0.0,0,Other,Other,1322.0,,Subcutaneous,No co-medications,225.0,2020.0,mg,direct mass dose,no deterministic cadence recognized
one_row_per_molecule,galcanezumab,Galcanezumab,Neurological,Migraine Headache,CT0358_A2_001__source_row_1840,1840,CT0358_A2_001,CT0358,NCT02163993,PR_0161,False,False,True,2,proxy-model complete,24,0,4,7.5,0.0,18.18,0.20000000000000018,65.0,7.7,0,Other,Other,1318.0,28.0,Subcutaneous,No co-medications,5.0,2018.0,mg,direct mass dose,every N days
one_row_per_molecule,gemtuzumab ozogamicin,Gemtuzumab ozogamicin,Cancer and neoplasms,Acute Myeloid Leukemia,CT0580_A1_001__source_row_2945,2945,CT0580_A1_001,CT0580,NCT03727750,PR_0165,True,True,True,1,audited and proxy-model complete,1,1,1,12.0,12.0,12.0,0.0,50.0,12.0,1,Other,Hematological malignancy,1322.0,3.0,Intravenous,No co-medications,5.4,2021.0,mg/m2,proxy conversion: per-m2 dose multiplied by 1.8 m2,median difference in listed days
one_row_per_molecule,golimumab,Golimumab,Inflammation and autoimmunity,Pre-Symptomatic Type 1 Diabetes,CT0054_A1_001__source_row_242,242,CT0054_A1_001,CT0054,2017-000225-12,PR_0167,False,False,True,2,proxy-model complete,9,0,2,6.7,0.0,66.1,33.3,5.0,40.0,1,Anti-inflammation,Inflammation and autoimmunity,1342.0,14.0,Subcutaneous,No co-medications,108.0,2021.0,mg/m^2,proxy conversion: per-m2 dose multiplied by 1.8 m2,qN weeks
one_row_per_molecule,gsk3174998,GSK3174998,Cancer and neoplasms,Neoplasms,CT0427_A13_001__source_row_2163,2163,CT0427_A13_001,CT0427,NCT02528357,PR_0446,True,True,False,3,audited but proxy-model incomplete,19,19,0,35.7,0.0,75.0,0.0,14.0,35.7,1,T/B cell activator,Solid tumor,,,Intravenous,Non-immune suppressors,21.0,2020.0,mg/kg,proxy conversion: per-kg dose multiplied by 70 kg,no deterministic cadence recognized
one_row_per_molecule,hyaluronidase human,Hyaluronidase human,Cancer and neoplasms,Multiple Myeloma,CT0559_A8_001__source_row_2841,2841,CT0559_A8_001,CT0559,NCT03412565,PR_0307,False,False,True,2,proxy-model complete,32,28,1,9.85,1.7,23.8,5.05,62.0,4.8,0,Other,Hematological malignancy,447.0,7.0,Subcutaneous,Immune suppressors,1800.0,2023.0,mg,direct mass dose,median difference in listed days
one_row_per_molecule,idarucizumab,Idarucizumab,Blood Disorders,Hemorrhage,CT0489_A1_001__source_row_2538,2538,CT0489_A1_001,CT0489,NCT02815670,PR_0174,False,False,False,4,neither audited nor proxy-model complete,1,0,0,0.0,0.0,0.0,0.0,1.0,0.0,0,Other,Other,888.0,,Intravenous,No co-medications,5000.0,2019.0,g,direct mass dose,no deterministic cadence recognized
one_row_per_molecule,idursulfase,Idursulfase,Unspecified,Hunter Syndrome Mucopolysaccharidosis Ii ( 5 Years Of Age+),CT0614_A1_002__source_row_3139,3139,CT0614_A1_002,CT0614,NCT00882921,PR_0129,True,True,False,3,audited but proxy-model incomplete,2,2,0,50.0,23.1,76.9,26.9,9.0,23.1,1,Other,Other,,,Intravenous,No co-medications,35.0,2017.0,mg/kg,proxy conversion: per-kg dose multiplied by 70 kg,no deterministic cadence recognized
one_row_per_molecule,imalumab,Imalumab,Cancer and neoplasms,Metastatic Colorectal Cancer,CT0407_A5_002__source_row_2021,2021,CT0407_A5_002,CT0407,NCT02448810,PR_0445,True,True,False,3,audited but proxy-model incomplete,6,6,0,0.0,0.0,5.6,0.0,19.0,0.0,0,Other,Solid tumor,,14.0,Intravenous,No co-medications,700.0,2017.0,mg/kg,proxy conversion: per-kg dose multiplied by 70 kg,qN weeks
one_row_per_molecule,infliximab,Infliximab,Inflammation and autoimmunity,"Crohn Disease
Ulcerative Colitis
Rheumatoid Arthritis
Ankylosing Spondylitis
Psoriatic Arthritis",CT0496_A4_003__source_row_2567,2567,CT0496_A4_003,CT0496,NCT02925338,PR_0180,True,True,True,1,audited and proxy-model complete,102,66,50,22.35,0.0,89.7,0.14999999999999858,40.0,22.5,1,Anti-inflammation,Inflammation and autoimmunity,1328.0,28.0,Intravenous,No co-medications,350.0,2021.0,mg/kg,proxy conversion: per-kg dose multiplied by 70 kg,median difference in repeated week labels
one_row_per_molecule,inotuzumab ozogamicin,Inotuzumab ozogamicin,Cancer and neoplasms,B-Cell Non-Hodgkin'S Lymphoma,CT0111_A1_001__source_row_527,527,CT0111_A1_001,CT0111,NCT00724971,PR_0182,False,False,False,4,neither audited nor proxy-model complete,2,0,0,5.0,0.0,10.0,5.0,10.0,10.0,1,T/B cell depletor,Hematological malignancy,1330.0,,Intravenous,Non-immune suppressors,675.0,2010.0,mg/m^2,proxy conversion: per-m2 dose multiplied by 1.8 m2,no deterministic cadence recognized
one_row_per_molecule,ipilimumab,Ipilimumab,Cancer and neoplasms,Unresectable Stage Iii Or Stage Iv Malignant Melanoma,CT0158_A7_002__source_row_782,782,CT0158_A7_002,CT0158,NCT01024231,PR_0214,False,False,True,2,proxy-model complete,16,5,1,4.7227272725,0.0,26.0,1.5977272725000002,32.0,3.125,0,T/B cell activator,Solid tumor,1326.0,21.0,Intravenous,No co-medications,70.0,2019.0,mg/kg,proxy conversion: per-kg dose multiplied by 70 kg,qN weeks
one_row_per_molecule,isatuximab,Isatuximab,Cancer and neoplasms,Neoplasm,CT0575_A4_001__source_row_2906,2906,CT0575_A4_001,CT0575,NCT03637764,PR_0215,True,True,True,1,audited and proxy-model complete,16,15,10,3.5666666664999997,0.0,16.7,0.23333333349999963,30.0,3.333333333,0,Anti-inflammation,Solid tumor,1328.0,21.0,Intravenous,Non-immune suppressors,1200.0,2022.0,mg,direct mass dose,qN weeks
one_row_per_molecule,itepekimab,Itepekimab,Inflammation and autoimmunity,Atopic Dermatitis,CT0581_A1_001__source_row_2946,2946,CT0581_A1_001,CT0581,NCT03736967,PR_0449,False,False,False,4,neither audited nor proxy-model complete,1,0,0,0.0,0.0,0.0,0.0,48.0,0.0,0,Other,Inflammation and autoimmunity,,14.0,Subcutaneous,No co-medications,150.0,2020.0,mg,direct mass dose,qN weeks
one_row_per_molecule,ixekizumab,Ixekizumab,Inflammation and autoimmunity,Rheumatoid Arthritis,CT0149_A9_002__source_row_729,729,CT0149_A9_002,CT0149,NCT00966875,PR_0216,True,True,True,1,audited and proxy-model complete,51,17,50,9.1,0.0,54.2,0.0,33.0,9.1,0,Anti-inflammation,Inflammation and autoimmunity,1328.0,28.0,Subcutaneous,No co-medications,160.0,2012.0,mg,direct mass dose,every N weeks
one_row_per_molecule,lanadelumab,Lanadelumab,Healthy Volunteer,Healthy Volunteers,CT0588_A2_002__source_row_2983,2983,CT0588_A2_002,CT0588,NCT03918239,PR_0218,False,False,True,2,proxy-model complete,17,0,17,0.0,0.0,1.1,0.0,96.0,0.0,0,Other,Other,1328.0,4.0,Subcutaneous,No co-medications,300.0,2019.0,mg,direct mass dose,median difference in repeated day labels
one_row_per_molecule,lebrikizumab,Lebrikizumab,Inflammation and autoimmunity,Asthma,CT0020_A1_001__source_row_65,65,CT0020_A1_001,CT0020,2009-010359-28,PR_0220,True,True,False,3,audited but proxy-model incomplete,17,1,0,11.6,0.7,35.8490566,9.6,99.0,2.0,0,Anti-inflammation,Inflammation and autoimmunity,,28.0,Subcutaneous,No co-medications,250.0,2010.0,mg,direct mass dose,qN weeks
one_row_per_molecule,magrolimab,Magrolimab,Cancer and neoplasms,"Solid Tumor
Colorectal Cancer",CT0502_A8_003__source_row_2621,2621,CT0502_A8_003,CT0502,NCT02953782,PR_0225,False,False,False,4,neither audited nor proxy-model complete,16,0,0,0.0,0.0,33.3,0.0,15.0,0.0,0,T/B cell activator,Solid tumor,51.0,,Intravenous,No co-medications,70.0,2020.0,mg/kg,proxy conversion: per-kg dose multiplied by 70 kg,no deterministic cadence recognized
one_row_per_molecule,margetuximab,Margetuximab,Cancer and neoplasms,"Gastric Cancer, Stomach Cancer, Esophageal Cancer",CT0461_A2_001__source_row_2398,2398,CT0461_A2_001,CT0461,NCT02689284,PR_0226,False,False,False,4,neither audited nor proxy-model complete,2,0,0,18.799999999999997,4.3,33.3,14.499999999999996,92.0,4.3,0,Other,Solid tumor,1328.0,,Intravenous,Non-immune suppressors,1050.0,2021.0,mg/kg,proxy conversion: per-kg dose multiplied by 70 kg,no deterministic cadence recognized
one_row_per_molecule,medi0680,MEDI0680,Cancer and neoplasms,"Select Advanced Malignancies
Kidney Cancer
Clear Cell Renal Cell Carcinoma",CT0344_A5_001__source_row_1776,1776,CT0344_A5_001,CT0344,NCT02118337,PR_0440,False,False,False,4,neither audited nor proxy-model complete,8,0,0,0.0,0.0,66.7,0.0,8.0,0.0,0,T/B cell activator,Solid tumor,,14.0,Intravenous,Non-immune suppressors,700.0,2020.0,mg/kg,proxy conversion: per-kg dose multiplied by 70 kg,qN weeks
one_row_per_molecule,medi4212,MEDI4212,Inflammation and autoimmunity,"Allergic Asthma
Atopic Dermatitis
Allergic Rhinitis
Healthy Volunteer",CT0238_A4_001__source_row_1131,1131,CT0238_A4_001,CT0238,NCT01544348,PR_0442,True,True,False,3,audited but proxy-model incomplete,6,6,0,0.0,0.0,5.6,0.0,15.0,0.0,0,Other,Inflammation and autoimmunity,,,Subcutaneous,No co-medications,60.0,2013.0,mg,direct mass dose,no deterministic cadence recognized
one_row_per_molecule,monalizumab,Monalizumab,Cancer and neoplasms,Advanced Solid Tumors,CT0458_A15_002__source_row_2380,2380,CT0458_A15_002,CT0458,NCT02671435,PR_0423,True,True,True,1,audited and proxy-model complete,15,15,15,14.7,0.0,30.6,0.0,34.0,14.7,1,Other,Solid tumor,1332.0,14.0,Intravenous,No co-medications,750.0,2023.0,mg,direct mass dose,qN weeks
one_row_per_molecule,motavizumab,Motavizumab,Infectious diseases,"Respiratory Syncytial Virus Infections
Chronic Lung Disease And <= 24 Months Of Age Or
Premature With Gestational Age <=35 Weeks And <=6 Months Of Age",CT0076_A4_005__source_row_373,373,CT0076_A4_005,CT0076,NCT00316264,PR_0452,False,False,False,4,neither audited nor proxy-model complete,12,0,0,0.6666666666666665,0.0,5.063291139240507,0.6666666666666665,91.0,0.0,0,Other,Infectious diseases,,,Other,No co-medications,1050.0,2007.0,mg/kg,proxy conversion: per-kg dose multiplied by 70 kg,no deterministic cadence recognized
one_row_per_molecule,moxetumomab pasudotox,Moxetumomab pasudotox,Cancer and neoplasms,B-Cell Pediatric All,CT0366_A1_001__source_row_1885,1885,CT0366_A1_001,CT0366,NCT02227108,PR_0232,True,True,False,3,audited but proxy-model incomplete,23,22,0,56.52173913,0.0,87.5,0.0,23.0,56.52173913,1,T/B cell depletor,Hematological malignancy,,2.0,Intravenous,No co-medications,2.8000000000000003,2015.0,µg/kg,proxy conversion: per-kg dose multiplied by 70 kg,median difference in listed days
one_row_per_molecule,natalizumab,Natalizumab,Neurological,Multiple Sclerosis,CT0087_A1_001__source_row_433,433,CT0087_A1_001,CT0087,NCT00516893,PR_0235,True,True,True,1,audited and proxy-model complete,15,12,13,11.11,0.0,43.3,0.0,108.0,11.11,1,Anti-inflammation,Other,864.0,28.0,Intravenous,No co-medications,300.0,2007.0,mg,direct mass dose,qN weeks
one_row_per_molecule,necitumumab,Necitumumab,Cancer and neoplasms,Non-Small Cell Lung Cancer,CT0274_A1_002__source_row_1420,1420,CT0274_A1_002,CT0274,NCT01788566,PR_0237,True,True,True,1,audited and proxy-model complete,19,4,17,3.278688525,0.0,16.66666667,3.278688524,61.0,6.557377049,0,T/B cell activator,Solid tumor,1328.0,7.0,Intravenous,Non-immune suppressors,135.0,2015.0,mg/m^2,proxy conversion: per-m2 dose multiplied by 1.8 m2,median difference in listed days
one_row_per_molecule,nivolumab,Nivolumab,Cancer and neoplasms,"Advanced Solid Tumors
Head And Neck Cancer
Pancreatic Cancer
Ovarian Cancer
Renal Cell Carcinoma
Malignant Glioma
Non-Small Cell Lung Cancer",CT0424_A7_004__source_row_2106,2106,CT0424_A7_004,CT0424,NCT02526017,PR_0238,True,True,True,1,audited and proxy-model complete,49,16,16,13.6,0.0,70.0,3.0999999999999996,6.0,16.7,1,T/B cell activator,Solid tumor,1308.0,14.0,Intravenous,No co-medications,420.0,2019.0,mg/kg,proxy conversion: per-kg dose multiplied by 70 kg,qN weeks
one_row_per_molecule,nonacog alfa,Nonacog alfa,Blood Disorders,Hemophilia B,CT0232_A1_001__source_row_1105,1105,CT0232_A1_001,CT0232,NCT01496274,PR_0095,True,True,False,3,audited but proxy-model incomplete,5,1,0,0.320512821,0.0,33.33333333,0.320512821,63.0,0.0,0,Other,Other,,,Intravenous,No co-medications,,2014.0,,no recognized mass dose,no deterministic cadence recognized
one_row_per_molecule,obiltoxaximab,Obiltoxaximab,Infectious diseases,Inhalational Anthrax,CT0293_A2_001__source_row_1483,1483,CT0293_A2_001,CT0293,NCT01932242,PR_0239,False,False,True,2,proxy-model complete,10,0,2,0.0,0.0,8.6,2.9,35.0,2.9,0,T/B cell activator,Infectious diseases,1324.0,119.0,Intravenous,No co-medications,1120.0,2014.0,mg/kg,proxy conversion: per-kg dose multiplied by 70 kg,median difference in listed days
one_row_per_molecule,obinutuzumab,Obinutuzumab,Cancer and neoplasms,Non-Hodgkin'S Lymphoma,CT0092_A1_002__source_row_460,460,CT0092_A1_002,CT0092,NCT00576758,PR_0240,True,True,True,1,audited and proxy-model complete,62,39,36,0.0,0.0,9.38,0.0,86.0,0.0,0,T/B cell depletor,Hematological malignancy,1336.0,60.875,Intravenous,No co-medications,1000.0,2013.0,mg,direct mass dose,every N months
one_row_per_molecule,ocrelizumab,Ocrelizumab,Neurological,Relapsing Multiple Sclerosis,CT0191_A2_002__source_row_942,942,CT0191_A2_002,CT0191,NCT01247324,PR_0241,True,True,True,1,audited and proxy-model complete,5,2,4,0.248756219,0.0,1.0,0.0,402.0,0.248756219,0,T/B cell depletor,Other,1330.0,168.0,Intravenous,No co-medications,600.0,2023.0,mg,direct mass dose,every N weeks
one_row_per_molecule,ofatumumab,Ofatumumab,Cancer and neoplasms,"Leukemia, Lymphocytic, Chronic",CT0127_A1_002__source_row_2082,2082,CT0127_A1_002,CT0127,NCT00824265,PR_0242,True,True,True,1,audited and proxy-model complete,76,33,34,0.0,0.0,20.0,0.0,151.0,0.0,0,T/B cell depletor,Hematological malignancy,866.0,7.0,Intravenous,Immune suppressors,1000.0,2017.0,mg,direct mass dose,median difference in repeated day labels
one_row_per_molecule,olaratumab,Olaratumab,Cancer and neoplasms,Malignancy Metastasis,CT0183_A1_001__source_row_916,916,CT0183_A1_001,CT0183,NCT01199822,PR_0245,True,True,True,1,audited and proxy-model complete,29,2,27,0.0,0.0,12.5,0.0,15.0,0.0,0,Other,Solid tumor,1342.0,14.0,Intravenous,No co-medications,1400.0,2012.0,mg/kg,proxy conversion: per-kg dose multiplied by 70 kg,every N weeks
one_row_per_molecule,oleclumab,Oleclumab,Cancer and neoplasms,"Prostate Cancer
Metastatic Castration-Resistant Prostate Cancer (Mcrpc)",CT0595_A2_001__source_row_3015,3015,CT0595_A2_001,CT0595,NCT04089553,PR_0450,False,False,False,4,neither audited nor proxy-model complete,1,0,0,4.2,4.2,4.2,0.0,24.0,4.2,0,Other,Solid tumor,,28.0,Intravenous,Non-immune suppressors,50.0,2023.0,mg,direct mass dose,qN weeks
one_row_per_molecule,omalizumab,Omalizumab,Inflammation and autoimmunity,Seasonal Allergic Rhinitis,CT0557_A1_002__source_row_2827,2827,CT0557_A1_002,CT0557,NCT03369704,PR_0246,True,True,True,1,audited and proxy-model complete,12,8,5,0.0,0.0,0.0,0.0,160.0,0.0,0,Other,Inflammation and autoimmunity,1338.0,14.0,Subcutaneous,No co-medications,337.5,2018.0,mg,direct mass dose,qN weeks
one_row_per_molecule,otelixizumab,Otelixizumab,Metobolic and endocrine disorders,"Diabetes Mellitus, Type 1",CT0318_A2_003__source_row_1635,1635,CT0318_A2_003,CT0318,NCT02000817,PR_0248,True,True,False,3,audited but proxy-model incomplete,13,6,0,33.3,0.0,100.0,55.58888889000001,9.0,88.88888889,1,Other,Other,,1.0,Intravenous,No co-medications,1.5,2018.0,mg,direct mass dose,daily
one_row_per_molecule,palivizumab,Palivizumab,Non-inflammatory respiratory diseases,Chronic Lung Disease,CT0074_A2_001__source_row_342,342,CT0074_A2_001,CT0074,NCT00233064,PR_0251,False,False,True,2,proxy-model complete,11,0,2,1.315789474,0.0,4.87804878,0.815789474,188.0,0.5,0,Other,Other,1326.0,30.0,Other,No co-medications,1050.0,2007.0,mg/kg,proxy conversion: per-kg dose multiplied by 70 kg,qN days
one_row_per_molecule,panitumumab,Panitumumab,Cancer and neoplasms,"Colon Cancer
Colorectal Cancer
Rectal Cancer
Metastatic Colorectal Cancer
Oncology",CT0099_A1_002__source_row_483,483,CT0099_A1_002,CT0099,NCT00630786,PR_0253,False,False,True,2,proxy-model complete,7,0,7,5.405405405,0.0,9.302325581,0.0,37.0,5.405405405,0,Other,Solid tumor,1318.0,14.0,Intravenous,Non-immune suppressors,700.0,2010.0,mg/kg,proxy conversion: per-kg dose multiplied by 70 kg,qN weeks
one_row_per_molecule,pegaspargase,Pegaspargase,Cancer and neoplasms,Acute Lymphoblastic Leukemia,CT0594_A2_002__source_row_3009,3009,CT0594_A2_002,CT0594,NCT04067518,PR_0256,True,True,False,3,audited but proxy-model incomplete,4,4,0,2.25,0.0,4.5,2.25,22.0,4.5,0,T/B cell depletor,Hematological malignancy,,,Intravenous,No co-medications,,2022.0,,no recognized mass dose,no deterministic cadence recognized
one_row_per_molecule,pegvaliase,Pegvaliase,Metobolic and endocrine disorders,Phenylketonuria (Pku),CT0662_A1_004__source_row_3127,3127,CT0662_A1_004,CT0662,4704612,PR_0285,True,True,False,3,audited but proxy-model incomplete,49,5,0,91.3,3.4,100.0,6.700000000000003,284.0,98.0,1,Other,Other,,,Subcutaneous,No co-medications,2.5,2018.0,mg,direct mass dose,missing schedule
one_row_per_molecule,pembrolizumab,Pembrolizumab,Cancer and neoplasms,Advanced Solid Tumors,CT0361_A5_001__source_row_1852,1852,CT0361_A5_001,CT0361,NCT02179918,PR_0287,True,True,True,1,audited and proxy-model complete,22,16,8,0.0,0.0,20.0,0.0,9.0,0.0,0,T/B cell activator,Solid tumor,1330.0,21.0,Intravenous,Non-immune suppressors,350.0,2017.0,mg/kg,proxy conversion: per-kg dose multiplied by 70 kg,qN weeks
one_row_per_molecule,pertuzumab,Pertuzumab,Cancer and neoplasms,Breast Neoplasms,CT0648_A1_002__source_row_3242,3242,CT0648_A1_002,CT0648,NCT02131064,PR_0288,True,True,True,1,audited and proxy-model complete,5,4,5,3.504672897,1.827411168,6.858638743,0.0,214.0,3.504672897,0,Other,Solid tumor,880.0,21.0,Intravenous,Non-immune suppressors,840.0,2018.0,mg,direct mass dose,qN weeks
one_row_per_molecule,pinatuzumab vedotin,Pinatuzumab Vedotin,Cancer and neoplasms,"Follicular Lymphoma
Diffuse Large B-Cell Lymphoma",CT0260_A1_003__source_row_1300,1300,CT0260_A1_003,CT0260,NCT01691898,PR_0454,True,True,False,3,audited but proxy-model incomplete,2,2,0,0.0,0.0,0.0,0.0,56.0,0.0,0,T/B cell depletor,Hematological malignancy,,21.0,Intravenous,No co-medications,675.0,2019.0,mg/m^2,proxy conversion: per-m2 dose multiplied by 1.8 m2,N-day cycle
one_row_per_molecule,polatuzumab vedotin,Polatuzumab vedotin,Cancer and neoplasms,"Follicular Lymphoma
Diffuse Large B-Cell Lymphoma",CT0260_A2_002__source_row_1284,1284,CT0260_A2_002,CT0260,NCT01691898,PR_0291,True,True,True,1,audited and proxy-model complete,30,17,26,0.0,0.0,50.0,0.0,53.0,0.0,0,Other,Hematological malignancy,1330.0,21.0,Intravenous,No co-medications,675.0,2019.0,mg/m^2,proxy conversion: per-m2 dose multiplied by 1.8 m2,N-day cycle
one_row_per_molecule,ramucirumab,Ramucirumab,Cancer and neoplasms,"Gastric Adenocarcinoma
Gastroesophageal Junction Adenocarcinoma",CT0405_A4_002__source_row_2001,2001,CT0405_A4_002,CT0405,NCT02443883,PR_0293,True,True,True,1,audited and proxy-model complete,45,18,42,0.0,0.0,33.33333333,0.0,26.0,0.0,0,Other,Solid tumor,1320.0,28.0,Intravenous,No co-medications,840.0,2019.0,mg/kg,proxy conversion: per-kg dose multiplied by 70 kg,N-day cycle
one_row_per_molecule,ranibizumab,Ranibizumab,Unspecified,"Choroidal Neovascularization, Age Related Macular Degeneration",CT0077_A3_001__source_row_376,376,CT0077_A3_001,CT0077,NCT00379795,PR_0294,True,True,True,1,audited and proxy-model complete,23,23,20,1.388888889,0.0,15.3,0.0,72.0,1.388888889,0,Other,Other,874.0,30.0,Ophthalmic,No co-medications,0.5,2008.0,mg,direct mass dose,every N days
one_row_per_molecule,ravulizumab,Ravulizumab,Healthy Volunteer,Healthy,CT0644_A2_001__source_row_3232,3232,CT0644_A2_001,CT0644,NCT05288660,PR_0297,False,False,True,2,proxy-model complete,12,4,4,0.0,0.0,12.5,0.0,6.0,0.0,0,Anti-inflammation,Other,1324.0,149.0,Intravenous,No co-medications,400.0,2015.0,mg,direct mass dose,median difference in repeated day labels
one_row_per_molecule,raxibacumab,Raxibacumab,Healthy Volunteer,Healthy,CT0102_A3_001__source_row_490,490,CT0102_A3_001,CT0102,NCT00639678,PR_0298,False,False,False,4,neither audited nor proxy-model complete,3,0,0,0.0,0.0,0.0,0.0,217.0,0.0,0,T/B cell activator,Other,,,Intravenous,Non-immune suppressors,40.0,2008.0,mg,direct mass dose,no deterministic cadence recognized
one_row_per_molecule,recombinant factor ix (rfix),Recombinant factor IX (rFIX),Blood Disorders,Hemophilia B,CT0197_A1_001__source_row_963,963,CT0197_A1_001,CT0197,NCT01286779,PR_0096,False,False,False,4,neither audited nor proxy-model complete,2,0,0,2.0,0.0,4.0,2.0,115.0,0.0,0,Other,Other,,,Intravenous,No co-medications,,2017.0,,no recognized mass dose,no deterministic cadence recognized
one_row_per_molecule,reslizumab,Reslizumab,Inflammation and autoimmunity,Eosinophilic Asthma,CT0201_A2_005__source_row_988,988,CT0201_A2_005,CT0201,NCT01290887,PR_0301,True,True,True,1,audited and proxy-model complete,50,35,38,4.078249337,0.0,16.66666667,0.23209549099999993,104.0,3.846153846,0,T/B cell activator,Inflammation and autoimmunity,1314.0,28.0,Intravenous,No co-medications,210.0,2015.0,mg/kg,proxy conversion: per-kg dose multiplied by 70 kg,every N weeks
one_row_per_molecule,rituximab,Rituximab,Cancer and neoplasms,"Lymphoma, Follicular",CT0487_A1_006__source_row_2528,2528,CT0487_A1_006,CT0487,NCT02809053,PR_0435,True,True,True,1,audited and proxy-model complete,151,106,103,2.2,0.0,90.47619048,0.10000000000000009,140.0,2.1,0,T/B cell depletor,Hematological malignancy,1326.0,7.0,Intravenous,No co-medications,675.0,2020.0,mg/m2,proxy conversion: per-m2 dose multiplied by 1.8 m2,median difference in listed weeks
one_row_per_molecule,romosozumab,Romosozumab,Musculoskeletal,Osteoporosis,CT0242_A1_001__source_row_1142,1142,CT0242_A1_001,CT0242,NCT01588509,PR_0312,False,False,True,2,proxy-model complete,25,8,10,6.7,0.0,50.0,0.0,30.0,6.7,0,Other,Other,1326.0,28.0,Subcutaneous,No co-medications,140.0,2012.0,mg,direct mass dose,qN weeks
one_row_per_molecule,sarilumab,Sarilumab,Inflammation and autoimmunity,Polymyalgia Rheumatica,CT0571_A2_001__source_row_2888,2888,CT0571_A2_001,CT0571,NCT03600818,PR_0316,True,True,True,1,audited and proxy-model complete,6,5,6,4.85,0.0,12.3,1.2499999999999996,56.0,3.6,0,Anti-inflammation,Inflammation and autoimmunity,1320.0,14.0,Subcutaneous,Immune suppressors,200.0,2021.0,mg,direct mass dose,qN weeks
one_row_per_molecule,secukinumab,Secukinumab,Inflammation and autoimmunity,Plaque Type Psoriasis,CT0174_A1_001__source_row_885,885,CT0174_A1_001,CT0174,NCT01132612,PR_0320,True,True,True,1,audited and proxy-model complete,56,2,30,0.0,0.0,13.79310345,0.0,46.0,0.0,0,Anti-inflammation,Inflammation and autoimmunity,1344.0,84.0,Subcutaneous,No co-medications,150.0,2016.0,mg,direct mass dose,qN weeks
one_row_per_molecule,siltuximab,Siltuximab,Blood Disorders,Multicentric Castleman'S Disease,CT0216_A1_001__source_row_1044,1044,CT0216_A1_001,CT0216,NCT01400503,PR_0321,False,False,True,2,proxy-model complete,1,0,1,5.0,5.0,5.0,0.0,60.0,5.0,0,Anti-inflammation,Other,1324.0,21.0,Intravenous,No co-medications,770.0,2017.0,mg/kg,proxy conversion: per-kg dose multiplied by 70 kg,every N weeks
one_row_per_molecule,tanezumab,Tanezumab,Neurological,Low Back Pain,CT0143_A2_003__source_row_699,699,CT0143_A2_003,CT0143,NCT00924664,PR_0335,True,True,True,1,audited and proxy-model complete,199,143,147,0.4,0.0,44.1,0.0,252.0,0.4,0,Other,Other,1322.0,56.0,Intravenous,No co-medications,10.0,2011.0,mg,direct mass dose,every N weeks
one_row_per_molecule,tocilizumab,Tocilizumab,Inflammation and autoimmunity,Rheumatoid Arthritis,CT0256_A2_002__source_row_1250,1250,CT0256_A2_002,CT0256,NCT01662063,PR_0345,True,True,True,1,audited and proxy-model complete,111,61,51,2.247191011,0.0,100.0,0.05280898899999986,44.0,2.3,0,Anti-inflammation,Inflammation and autoimmunity,1324.0,14.0,Subcutaneous,No co-medications,162.0,2014.0,mg,direct mass dose,qN weeks
one_row_per_molecule,tositumomab,Tositumomab,Cancer and neoplasms,"Lymphoma, Non-Hodgkin",CT0153_A1_001__source_row_738,738,CT0153_A1_001,CT0153,NCT00989664,PR_0346,False,False,False,4,neither audited nor proxy-model complete,6,0,0,7.643678161,2.5,43.47826087,0.9770114939999992,58.0,8.620689655,0,T/B cell depletor,Hematological malignancy,1122.0,,Intravenous,No co-medications,35.0,2008.0,mg,direct mass dose,no deterministic cadence recognized
one_row_per_molecule,tralokinumab,Tralokinumab,Inflammation and autoimmunity,Asthma,CT0218_A1_002__source_row_1056,1056,CT0218_A1_002,CT0218,NCT01402986,PR_0347,True,True,False,3,audited but proxy-model incomplete,42,23,0,0.0,0.0,7.1,0.0,150.0,0.0,0,Anti-inflammation,Inflammation and autoimmunity,,14.0,Subcutaneous,No co-medications,300.0,2014.0,mg,direct mass dose,qN weeks
one_row_per_molecule,trastuzumab,Trastuzumab,Cancer and neoplasms,Metastatic Breast Cancer,CT0314_A2_002__source_row_2125,2125,CT0314_A2_002,CT0314,NCT01989676,PR_0348,True,True,True,1,audited and proxy-model complete,51,31,36,0.0,0.0,15.93,0.0,321.0,0.0,0,Other,Solid tumor,1328.0,21.0,Intravenous,No co-medications,280.0,2020.0,mg/kg,proxy conversion: per-kg dose multiplied by 70 kg,every N weeks
one_row_per_molecule,trastuzumab emtansine,Trastuzumab emtansine,Cancer and neoplasms,Metastatic Breast Cancer,CT0651_A1_002__source_row_3252,3252,CT0651_A1_002,CT0651,NCT02924883,PR_0012,True,True,True,1,audited and proxy-model complete,14,10,14,3.65,0.0,13.1,1.35,129.0,2.3,0,Other,Solid tumor,1328.0,21.0,Intravenous,No co-medications,1200.0,2020.0,mg,direct mass dose,N-day cycle
one_row_per_molecule,trebananib,Trebananib,Cancer and neoplasms,Locally Recurrent And Metastatic Breast Cancer,CT0013_A4_001__source_row_50,50,CT0013_A4_001,CT0013,2007-003384-51,PR_0441,False,False,False,4,neither audited nor proxy-model complete,3,0,0,10.20408163,3.846153846,10.90909091,0.0,49.0,10.20408163,1,Other,Solid tumor,,28.0,Intravenous,No co-medications,700.0,2014.0,mg/kg,proxy conversion: per-kg dose multiplied by 70 kg,qN weeks
one_row_per_molecule,tremelimumab,Tremelimumab,Cancer and neoplasms,Metastatic Pancreatic Ductal Adenocarcinoma,CT0434_A1_003__source_row_2199,2199,CT0434_A1_003,CT0434,NCT02558894,PR_0401,True,True,True,1,audited and proxy-model complete,38,37,31,0.0,0.0,33.3,0.0,25.0,0.0,0,T/B cell activator,Solid tumor,1330.0,28.0,Intravenous,Non-immune suppressors,1500.0,2017.0,g,direct mass dose,qN weeks
one_row_per_molecule,ustekinumab,Ustekinumab,Inflammation and autoimmunity,Crohn'S Disease,CT0563_A2_001__source_row_2851,2851,CT0563_A2_001,CT0563,NCT03464136,PR_0361,False,False,True,2,proxy-model complete,13,7,4,5.4,0.7,9.9,3.3000000000000003,190.0,2.1,0,Anti-inflammation,Inflammation and autoimmunity,1326.0,56.0,Intravenous,No co-medications,90.0,2021.0,mg,direct mass dose,qN weeks
one_row_per_molecule,utomilumab,Utomilumab,Cancer and neoplasms,Advanced Solid Tumors,CT0361_A5_003__source_row_1862,1862,CT0361_A5_003,CT0361,NCT02179918,PR_0405,True,True,True,1,audited and proxy-model complete,19,17,5,47.6,0.0,100.0,3.1600000000000037,9.0,44.44,1,T/B cell activator,Solid tumor,1312.0,21.0,Intravenous,Non-immune suppressors,350.0,2017.0,mg/kg,proxy conversion: per-kg dose multiplied by 70 kg,qN weeks
one_row_per_molecule,vedolizumab,Vedolizumab,Inflammation and autoimmunity,Ulcerative Colitis,CT0329_A6_001__source_row_1693,1693,CT0329_A6_001,CT0329,NCT02039505,PR_0363,True,True,True,1,audited and proxy-model complete,32,14,16,0.0,0.0,37.5,0.0,36.0,0.0,0,Anti-inflammation,Inflammation and autoimmunity,1340.0,14.0,Intravenous,No co-medications,300.0,2018.0,mg,direct mass dose,median difference in listed weeks
one_row_per_molecule,vobarilizumab,Vobarilizumab,Inflammation and autoimmunity,Rheumatoid Arthritis,CT0372_A2_001__source_row_1912,1912,CT0372_A2_001,CT0372,NCT02287922,PR_0404,False,False,True,2,proxy-model complete,3,0,3,40.3,11.3,41.3,0.0,62.0,40.3,1,Anti-inflammation,Inflammation and autoimmunity,245.0,14.0,Subcutaneous,No co-medications,150.0,2016.0,mg,direct mass dose,qN weeks
